first_name,last_name,email,catch_phrase,ip_address
Maisie,Petru,mpetru0@weather.com,Focused radical approach,220.113.1.48
Candice,Malamore,cmalamore1@irs.gov,Secured client-server emulation,175.164.138.173
Evangeline,I'anson,eianson2@pinterest.com,Team-oriented explicit neural-net,109.68.163.200
Wyatan,Rawsen,wrawsen3@cloudflare.com,Multi-lateral 24 hour website,143.188.78.7
Kermit,Bayston,kbayston4@360.cn,Re-contextualized uniform collaboration,240.234.154.254
Vladamir,Geill,vgeill5@apache.org,Inverse global matrices,102.166.161.185
Nelia,MacDowal,nmacdowal6@wisc.edu,Mandatory neutral array,33.15.45.204
Nicol,Shoutt,nshoutt7@360.cn,Quality-focused upward-trending product,82.195.32.15
Gigi,Elkin,gelkin8@1und1.de,Devolved zero tolerance functionalities,160.2.52.12
Luce,Leedal,lleedal9@myspace.com,Pre-emptive dynamic local area network,118.110.182.9
Merci,Cure,mcurea@craigslist.org,Streamlined 5th generation paradigm,67.132.200.250
Georgiana,Nafzger,gnafzgerb@umich.edu,Secured coherent interface,231.138.78.238
Shirl,Leveritt,sleverittc@wisc.edu,Fully-configurable logistical functionalities,166.10.29.161
Emelia,Booton,ebootond@mit.edu,Versatile value-added core,38.110.86.132
Lyndsie,Sharram,lsharrame@goo.gl,Quality-focused maximized matrices,69.176.58.239
Francyne,Koubek,fkoubekf@woothemes.com,Synchronised disintermediate collaboration,4.211.90.119
Francine,Elsley,felsleyg@time.com,Phased incremental matrices,241.199.26.76
Taddeo,Tapton,ttaptonh@spiegel.de,Upgradable secondary database,59.109.21.73
Cayla,Pagram,cpagrami@jimdo.com,User-friendly heuristic focus group,213.35.172.106
Phyllis,Penswick,ppenswickj@de.vu,Visionary contextually-based open architecture,202.18.243.70
Layla,Predohl,lpredohlk@sakura.ne.jp,Centralized background standardization,53.201.75.117
Quintin,Meatyard,qmeatyardl@wikimedia.org,Assimilated hybrid customer loyalty,74.45.97.17
Pooh,Lawtie,plawtiem@jiathis.com,Intuitive multimedia infrastructure,82.229.76.235
Renaud,Casero,rcaseron@umich.edu,Quality-focused tangible function,42.116.6.254
Tandy,De Pero,tdeperoo@dropbox.com,Realigned systemic architecture,184.199.64.32
Marguerite,Gogerty,mgogertyp@is.gd,Horizontal didactic matrix,219.87.49.206
Truman,Bartolijn,tbartolijnq@boston.com,Reduced content-based functionalities,142.136.168.195
Sibby,Siret,ssiretr@webs.com,Team-oriented explicit flexibility,124.159.203.214
Christiane,Divina,cdivinas@aol.com,Proactive global core,187.50.188.145
Roseann,Tuvey,rtuveyt@sohu.com,Multi-layered 4th generation analyzer,245.102.46.105
Mabel,Haking,mhakingu@tmall.com,Total fault-tolerant initiative,44.66.163.16
Jourdan,Halsho,jhalshov@fotki.com,Optimized needs-based service-desk,19.91.221.88
Baxy,Blois,bbloisw@adobe.com,Versatile coherent emulation,248.178.248.153
Verine,Comerford,vcomerfordx@usnews.com,Synergistic asymmetric archive,211.215.20.253
Mercedes,Ogelsby,mogelsbyy@myspace.com,Object-based 3rd generation instruction set,239.139.174.164
Peggie,Bediss,pbedissz@wunderground.com,Synchronised next generation throughput,187.90.209.65
Aleta,Ennals,aennals10@virginia.edu,Reduced upward-trending success,24.68.145.222
Shir,Belloch,sbelloch11@oracle.com,Operative 24/7 capacity,15.100.166.209
Crin,Hinzer,chinzer12@geocities.jp,Networked asynchronous challenge,80.61.7.138
Karie,McAlester,kmcalester13@senate.gov,Decentralized logistical system engine,103.225.153.68
Marys,Merrington,mmerrington14@mysql.com,Phased logistical challenge,54.72.3.147
Ivett,Okie,iokie15@sphinn.com,Decentralized global projection,242.171.116.237
Joshia,Momery,jmomery16@cbsnews.com,Organic systemic knowledge base,46.89.149.43
Adria,Roote,aroote17@prlog.org,Open-source impactful productivity,139.1.80.141
Sharai,Keay,skeay18@slashdot.org,Function-based client-driven intranet,157.245.19.131
Jehu,Schall,jschall19@nhs.uk,Versatile content-based model,187.198.158.202
Farrah,Lindeman,flindeman1a@msn.com,Horizontal content-based hub,73.114.93.91
Jenifer,Raitie,jraitie1b@nytimes.com,Persistent 24 hour database,169.116.38.186
Chad,Lesslie,clesslie1c@google.com.au,Diverse intermediate application,33.4.136.229
Huey,Scopes,hscopes1d@sakura.ne.jp,De-engineered 24/7 system engine,147.207.224.71
Camellia,Ropkins,cropkins1e@businessinsider.com,Seamless high-level info-mediaries,209.97.13.53
Margaret,Gaspard,mgaspard1f@msn.com,Networked scalable moratorium,168.230.125.129
Ekaterina,Squibe,esquibe1g@tripod.com,Persistent executive local area network,207.133.207.36
Jeffie,Strode,jstrode1h@ustream.tv,Devolved non-volatile application,26.149.200.7
Jeremy,Webber,jwebber1i@storify.com,Organic encompassing architecture,128.105.69.185
Wilbur,Pearn,wpearn1j@geocities.com,Vision-oriented fresh-thinking process improvement,173.243.167.186
Avril,Kingswood,akingswood1k@vimeo.com,Configurable reciprocal interface,83.100.47.211
Bill,Guerrero,bguerrero1l@mapquest.com,Fundamental maximized matrices,165.82.26.181
Patrice,Blaxall,pblaxall1m@examiner.com,Universal empowering software,209.43.119.4
Aylmer,Ferencowicz,aferencowicz1n@cpanel.net,Focused national encoding,231.189.195.2
Gregor,Fullom,gfullom1o@usa.gov,Right-sized demand-driven benchmark,232.149.56.52
Hobart,Yggo,hyggo1p@biblegateway.com,User-friendly non-volatile implementation,33.183.226.25
Kingsly,Keynes,kkeynes1q@gravatar.com,Digitized static groupware,45.62.3.75
Jada,Di Giacomo,jdigiacomo1r@wiley.com,Organic value-added standardization,184.229.38.100
Carlo,Bransom,cbransom1s@gravatar.com,Total intangible portal,8.39.41.208
Leonhard,Maffioni,lmaffioni1t@salon.com,Cross-platform radical ability,7.40.3.63
Iorgo,Storrs,istorrs1u@usnews.com,Expanded fault-tolerant hierarchy,40.27.253.27
Nil,Dallewater,ndallewater1v@yolasite.com,Universal real-time standardization,206.97.19.231
Genia,Timmins,gtimmins1w@go.com,Devolved optimal archive,205.140.33.150
Lindsy,Summerson,lsummerson1x@tripadvisor.com,Optimized uniform conglomeration,41.182.35.64
Garret,Whitehall,gwhitehall1y@zdnet.com,Persevering demand-driven throughput,177.103.11.245
Leonie,O'Hickey,lohickey1z@boston.com,User-centric zero defect moderator,144.44.175.218
Gypsy,D'orsay,gdorsay20@wikia.com,Streamlined static local area network,223.151.217.37
Welbie,Forsythe,wforsythe21@engadget.com,Profit-focused local model,144.129.172.189
Morten,Farlham,mfarlham22@google.co.uk,Extended intangible conglomeration,253.157.113.25
Elizabeth,Salack,esalack23@loc.gov,Diverse well-modulated circuit,246.73.195.126
Lennie,Lentsch,llentsch24@scientificamerican.com,Versatile 24/7 core,187.248.243.66
Christian,Wilshin,cwilshin25@wufoo.com,Optimized secondary orchestration,18.158.127.39
Guglielma,Mably,gmably26@skyrock.com,Optional fresh-thinking protocol,42.207.137.3
Mallory,Biscomb,mbiscomb27@bandcamp.com,Open-architected multi-state alliance,18.146.0.74
Sherill,Eustes,seustes28@fastcompany.com,Front-line holistic knowledge base,40.5.239.101
Davin,Sutch,dsutch29@scribd.com,Self-enabling analyzing projection,254.238.110.235
Berkley,Yarker,byarker2a@soundcloud.com,Object-based asymmetric methodology,247.136.59.224
Birch,Joron,bjoron2b@histats.com,Self-enabling interactive concept,108.254.213.159
Collen,Leijs,cleijs2c@istockphoto.com,Expanded multi-tasking knowledge user,201.108.249.220
Ephrem,Kenrack,ekenrack2d@google.es,Re-contextualized leading edge synergy,213.190.189.52
Morten,Dickings,mdickings2e@symantec.com,Optimized multimedia analyzer,12.120.224.149
Anya,Macer,amacer2f@hc360.com,Innovative neutral approach,113.237.189.188
Valenka,Houldey,vhouldey2g@feedburner.com,Phased secondary initiative,197.246.245.21
Trenton,Scotchmer,tscotchmer2h@altervista.org,Compatible 4th generation adapter,91.151.148.135
Angelia,Doret,adoret2i@mlb.com,Up-sized directional definition,95.59.186.35
Ileane,Corrie,icorrie2j@pinterest.com,Reduced human-resource standardization,109.148.94.146
Tamar,Swire,tswire2k@icq.com,Integrated non-volatile strategy,27.34.79.35
Diana,Piche,dpiche2l@redcross.org,Realigned clear-thinking hardware,101.209.128.187
Victoir,Mateuszczyk,vmateuszczyk2m@nasa.gov,Decentralized multi-tasking application,89.150.0.76
Steffi,Ham,sham2n@github.io,Face to face actuating solution,136.241.129.154
Terrel,Isles,tisles2o@sourceforge.net,Focused uniform model,127.239.30.195
Letisha,Pennycook,lpennycook2p@joomla.org,Versatile reciprocal utilisation,133.72.227.37
Wernher,Perryman,wperryman2q@jigsy.com,Vision-oriented even-keeled Graphical User Interface,25.187.143.63
Saudra,Hastwell,shastwell2r@bloomberg.com,Multi-channelled motivating workforce,73.159.36.1
Lew,Hanning,lhanning2s@sourceforge.net,Universal impactful open system,52.61.131.138
Gaston,Lawrence,glawrence2t@yelp.com,Fundamental 24 hour encoding,184.59.214.5
Jacquetta,Wilmore,jwilmore2u@a8.net,Profit-focused high-level collaboration,186.190.196.179
Gray,O'Rowane,gorowane2v@bbc.co.uk,Advanced human-resource paradigm,223.143.82.3
Emlyn,Carslaw,ecarslaw2w@un.org,Vision-oriented hybrid paradigm,98.116.6.52
Vern,Cosbee,vcosbee2x@dyndns.org,Inverse bandwidth-monitored implementation,58.176.196.131
Cilka,Millett,cmillett2y@house.gov,Advanced system-worthy protocol,207.99.61.89
Daisey,Mattusov,dmattusov2z@fastcompany.com,Optimized local installation,202.113.37.95
Barrett,Lemonby,blemonby30@sogou.com,Synchronised asymmetric system engine,41.5.228.58
Muffin,Lettley,mlettley31@ebay.com,Reduced optimal database,170.15.88.73
Bartholemy,Battleson,bbattleson32@engadget.com,Distributed homogeneous framework,188.70.17.223
Cole,Alsop,calsop33@t.co,Profit-focused tangible time-frame,34.196.108.41
Nita,Boumphrey,nboumphrey34@dmoz.org,Centralized dedicated customer loyalty,28.73.89.9
Tootsie,Hardson,thardson35@delicious.com,Open-source empowering focus group,194.125.8.71
Auberon,Faithfull,afaithfull36@addtoany.com,Ameliorated client-driven installation,168.152.45.80
Aldon,Hubane,ahubane37@dailymail.co.uk,Cross-platform 24 hour matrix,169.3.222.77
Marten,Otterwell,motterwell38@timesonline.co.uk,Triple-buffered asynchronous conglomeration,101.165.252.49
Chariot,Prigg,cprigg39@nhs.uk,Streamlined modular archive,154.248.135.240
Carrol,Risdall,crisdall3a@irs.gov,Profit-focused directional workforce,182.29.179.193
Debera,Tallis,dtallis3b@boston.com,Organized regional implementation,42.139.149.188
Lethia,Jillions,ljillions3c@sun.com,Versatile optimal groupware,193.28.103.67
Wesley,Repper,wrepper3d@examiner.com,Pre-emptive object-oriented leverage,184.152.34.14
Berkley,Geydon,bgeydon3e@army.mil,Ergonomic grid-enabled matrices,63.80.153.55
Dominga,Jerrand,djerrand3f@dell.com,Polarised upward-trending support,163.46.179.219
Eben,Exall,eexall3g@hp.com,Object-based contextually-based knowledge base,203.68.113.188
Egbert,Lindroos,elindroos3h@google.com.br,Virtual web-enabled emulation,158.227.182.55
Wat,McKintosh,wmckintosh3i@cbc.ca,Customizable well-modulated hub,49.76.26.204
Cale,Pleaden,cpleaden3j@ftc.gov,Right-sized bandwidth-monitored encoding,213.11.205.12
Hagan,Minihane,hminihane3k@china.com.cn,Re-engineered leading edge portal,184.75.134.144
Loella,Asipenko,lasipenko3l@geocities.com,Customizable bi-directional forecast,168.115.86.93
Daron,Tether,dtether3m@so-net.ne.jp,Streamlined secondary focus group,239.84.199.29
Baxy,Ondrusek,bondrusek3n@toplist.cz,Exclusive 24 hour utilisation,132.119.42.100
Timofei,Hele,thele3o@foxnews.com,Managed optimal parallelism,16.60.118.248
Estella,Eliasson,eeliasson3p@foxnews.com,Compatible tangible migration,125.156.118.213
Pamelina,Ledbetter,pledbetter3q@ask.com,Intuitive contextually-based toolset,169.134.182.223
Alonzo,Labuschagne,alabuschagne3r@comcast.net,Multi-channelled background forecast,6.151.131.201
Collie,Nealey,cnealey3s@virginia.edu,Multi-tiered 6th generation capability,43.109.160.6
Britteny,Farres,bfarres3t@zdnet.com,Synergistic multi-tasking groupware,18.28.170.239
Aubrette,McCullagh,amccullagh3u@twitter.com,Inverse mission-critical definition,83.254.144.240
Cynde,Freestone,cfreestone3v@nih.gov,Enhanced explicit concept,30.82.6.60
Tallulah,Knappett,tknappett3w@ustream.tv,Polarised discrete moderator,23.254.197.238
John,Cottier,jcottier3x@booking.com,Persistent exuding circuit,61.216.163.44
Sorcha,Muckley,smuckley3y@arizona.edu,Integrated value-added superstructure,65.251.51.227
Dottie,Symmons,dsymmons3z@statcounter.com,Configurable grid-enabled application,211.4.91.205
Ainsley,Jemmett,ajemmett40@discovery.com,Switchable maximized protocol,89.137.175.3
Wilmer,Elix,welix41@exblog.jp,Distributed coherent standardization,244.185.122.32
Marie-ann,Giffard,mgiffard42@va.gov,Assimilated responsive architecture,35.182.171.21
Fanechka,Hassur,fhassur43@about.com,Realigned homogeneous knowledge user,93.9.96.7
Leonanie,Gandrich,lgandrich44@ted.com,Vision-oriented needs-based info-mediaries,254.42.200.212
Jessy,Georgievski,jgeorgievski45@w3.org,Persistent grid-enabled firmware,148.51.69.8
Avigdor,Bannon,abannon46@51.la,Automated real-time service-desk,231.103.171.215
Harlen,Switzer,hswitzer47@cafepress.com,Advanced modular conglomeration,213.8.134.176
Gerard,Walklott,gwalklott48@soundcloud.com,Intuitive tertiary data-warehouse,106.127.75.87
Moll,Hyde,mhyde49@nps.gov,Vision-oriented motivating encoding,203.68.179.159
Toby,Kingsly,tkingsly4a@patch.com,Intuitive systemic complexity,19.127.243.56
Misti,Keneford,mkeneford4b@ed.gov,Intuitive bandwidth-monitored adapter,107.124.224.125
Modestine,Tollet,mtollet4c@guardian.co.uk,Assimilated 24 hour ability,186.69.172.199
Vivyanne,Kyngdon,vkyngdon4d@wikia.com,Front-line well-modulated framework,130.224.253.50
Eva,Finker,efinker4e@marketwatch.com,Realigned uniform throughput,21.121.230.182
Esmeralda,Mosson,emosson4f@ox.ac.uk,Focused 24 hour model,179.84.15.17
Shayne,Dainty,sdainty4g@europa.eu,Upgradable well-modulated functionalities,75.39.108.177
Ettie,Piegrome,epiegrome4h@bizjournals.com,Assimilated zero administration website,149.95.18.72
Jess,oldey,joldey4i@linkedin.com,Sharable 6th generation methodology,157.228.11.106
Howie,Tillett,htillett4j@example.com,Compatible upward-trending info-mediaries,44.44.128.119
Chris,Wilcinskis,cwilcinskis4k@biglobe.ne.jp,Focused impactful product,100.50.1.213
Forest,Carcass,fcarcass4l@auda.org.au,Configurable intangible hardware,23.32.190.112
Dita,Pavis,dpavis4m@boston.com,Up-sized eco-centric core,8.185.235.41
Archibald,Hinchcliffe,ahinchcliffe4n@bluehost.com,Fundamental executive encoding,29.124.144.218
Pammi,Van Der Vlies,pvandervlies4o@topsy.com,Switchable demand-driven workforce,99.120.164.63
Borden,Gabbitas,bgabbitas4p@facebook.com,Reactive client-server encoding,9.242.189.74
Cyndie,McClements,cmcclements4q@prweb.com,Self-enabling executive Graphical User Interface,1.19.3.174
Gene,Cowey,gcowey4r@amazon.co.uk,Open-architected tertiary model,89.115.82.193
Danni,Banbrick,dbanbrick4s@nydailynews.com,Polarised mobile adapter,240.76.252.192
Daphna,Sinfield,dsinfield4t@mediafire.com,Configurable 6th generation workforce,75.236.243.234
Nara,Baudichon,nbaudichon4u@indiatimes.com,Synergized eco-centric strategy,9.62.119.229
Eva,Ionnidis,eionnidis4v@prweb.com,User-friendly encompassing core,218.214.87.211
Reid,Perassi,rperassi4w@google.de,Exclusive context-sensitive orchestration,109.68.78.142
Phoebe,Riddall,priddall4x@nature.com,Implemented grid-enabled model,250.26.107.8
Con,Vobes,cvobes4y@wufoo.com,Cloned modular groupware,67.205.99.200
Giacinta,Tull,gtull4z@wikia.com,Innovative context-sensitive encryption,39.4.81.84
Essa,Vaughn,evaughn50@wired.com,Persevering empowering analyzer,228.80.237.187
Jone,Jan,jjan51@ihg.com,Configurable clear-thinking firmware,108.181.145.39
Mahmud,Cudihy,mcudihy52@shinystat.com,Managed bottom-line function,177.17.144.78
Alick,Routham,aroutham53@alexa.com,Self-enabling multi-tasking Graphical User Interface,172.172.81.101
Kendell,Cogar,kcogar54@who.int,Exclusive scalable local area network,26.170.172.56
Brigitte,Milmith,bmilmith55@t-online.de,Fully-configurable national customer loyalty,231.77.110.103
Dill,Brahm,dbrahm56@buzzfeed.com,Networked neutral orchestration,172.32.165.114
Ase,Obern,aobern57@barnesandnoble.com,Sharable impactful orchestration,162.89.145.61
Shauna,Chong,schong58@reference.com,Operative stable synergy,190.113.54.127
Chryste,Rampage,crampage59@timesonline.co.uk,Distributed bifurcated orchestration,22.113.184.35
Ariadne,Skayman,askayman5a@opera.com,Progressive analyzing success,54.175.9.159
Emelia,Pepi,epepi5b@yale.edu,Assimilated homogeneous secured line,184.85.175.103
Bonnibelle,Megson,bmegson5c@stanford.edu,Business-focused web-enabled open architecture,57.126.214.22
Ernesto,Aldersea,ealdersea5d@cyberchimps.com,Total bifurcated utilisation,78.10.242.143
Clemmie,Paskerful,cpaskerful5e@behance.net,Grass-roots incremental protocol,240.197.119.20
Randa,Leagas,rleagas5f@tumblr.com,Distributed disintermediate productivity,64.177.90.27
Donnie,Helleker,dhelleker5g@opera.com,Re-contextualized bi-directional array,9.15.147.57
Codie,Gatlin,cgatlin5h@prweb.com,Right-sized context-sensitive challenge,24.130.176.32
Clarinda,Papps,cpapps5i@imdb.com,Versatile uniform collaboration,178.237.1.116
Vally,Greber,vgreber5j@cbslocal.com,Exclusive disintermediate Graphic Interface,78.213.235.13
Sebastien,Mingotti,smingotti5k@vinaora.com,Fundamental next generation archive,184.18.110.156
Dill,Rubinsohn,drubinsohn5l@bing.com,Grass-roots well-modulated secured line,8.66.113.249
Dion,Humes,dhumes5m@slideshare.net,Innovative zero tolerance throughput,205.242.227.0
Karole,Toolin,ktoolin5n@blogtalkradio.com,Polarised radical projection,10.67.81.234
Cristen,Milward,cmilward5o@prnewswire.com,Synergistic static hub,31.118.171.55
Marie-ann,Ropking,mropking5p@simplemachines.org,Operative intermediate artificial intelligence,174.218.44.193
Darryl,Boorn,dboorn5q@zimbio.com,Multi-channelled transitional info-mediaries,141.168.78.59
Laurence,Earwaker,learwaker5r@freewebs.com,Cloned 5th generation moratorium,46.58.253.14
Karlis,Milkeham,kmilkeham5s@reverbnation.com,Business-focused composite challenge,217.111.84.199
Arlee,Lines,alines5t@usgs.gov,Innovative interactive local area network,11.250.243.170
Vincents,Woodthorpe,vwoodthorpe5u@blog.com,Fundamental non-volatile matrix,74.68.247.250
Feodora,Bigg,fbigg5v@technorati.com,Total client-driven approach,162.187.179.223
Herbert,Martland,hmartland5w@craigslist.org,Expanded systematic productivity,119.159.153.79
Egbert,Krishtopaittis,ekrishtopaittis5x@bluehost.com,Compatible fault-tolerant instruction set,101.119.239.229
Dody,Noweak,dnoweak5y@cbslocal.com,Multi-tiered demand-driven system engine,65.253.240.50
Sella,Gauchier,sgauchier5z@elpais.com,Quality-focused multi-tasking conglomeration,46.205.30.180
Colline,Penella,cpenella60@senate.gov,Mandatory real-time application,158.10.245.39
Jonathon,Reyes,jreyes61@marketwatch.com,Cross-group disintermediate algorithm,2.242.132.205
Johan,Scaplehorn,jscaplehorn62@thetimes.co.uk,Cloned 24 hour hardware,42.232.96.175
Nicky,Jervoise,njervoise63@nbcnews.com,Ergonomic responsive local area network,99.144.32.32
Reinwald,Nower,rnower64@imdb.com,Exclusive context-sensitive focus group,73.115.181.188
Abbye,Eplate,aeplate65@yelp.com,Realigned content-based concept,232.222.41.186
Bobina,Petracci,bpetracci66@forbes.com,Quality-focused multi-tasking time-frame,65.238.245.114
Eziechiele,Laxton,elaxton67@intel.com,Customizable transitional complexity,41.101.236.14
Lauree,Proudley,lproudley68@va.gov,Configurable zero tolerance analyzer,71.12.225.142
Cosetta,Sixsmith,csixsmith69@google.it,Compatible global toolset,207.223.62.54
Spike,Juszkiewicz,sjuszkiewicz6a@gmpg.org,Down-sized zero tolerance focus group,134.63.4.205
Robinet,Pepperill,rpepperill6b@epa.gov,Cross-platform upward-trending hub,9.236.159.70
Hilary,Jost,hjost6c@yahoo.co.jp,Reactive next generation policy,12.152.195.114
Amalee,Sives,asives6d@etsy.com,Innovative foreground extranet,130.247.180.85
Jaine,Spollen,jspollen6e@hud.gov,Progressive static protocol,142.182.69.165
Ike,Blenkhorn,iblenkhorn6f@berkeley.edu,Ameliorated context-sensitive forecast,124.70.140.35
Salvidor,Wofenden,swofenden6g@nationalgeographic.com,Switchable asymmetric attitude,212.167.118.235
Dayna,Mercey,dmercey6h@goo.ne.jp,Visionary didactic support,252.53.91.150
Port,Ilyushkin,pilyushkin6i@earthlink.net,Multi-layered intangible matrices,4.124.213.233
Hewitt,Caudrelier,hcaudrelier6j@bandcamp.com,Object-based zero tolerance time-frame,106.214.34.0
Adrian,Twelves,atwelves6k@github.io,Progressive bandwidth-monitored installation,25.173.143.1
Scot,De Meyer,sdemeyer6l@irs.gov,Open-architected web-enabled infrastructure,38.159.78.147
Kalina,Pardy,kpardy6m@springer.com,Secured methodical website,199.47.166.25
Ailsun,De Beauchamp,adebeauchamp6n@lulu.com,Proactive background capability,0.11.86.117
Brooks,Jessard,bjessard6o@google.co.jp,Mandatory national implementation,119.4.149.57
Kiersten,Skeermor,kskeermor6p@barnesandnoble.com,Mandatory bi-directional middleware,122.127.148.67
Merline,Sapson,msapson6q@businesswire.com,Team-oriented demand-driven database,2.141.198.239
Finlay,Biddlestone,fbiddlestone6r@cmu.edu,Cross-platform impactful alliance,125.14.173.252
Clarine,Fick,cfick6s@weebly.com,Digitized bandwidth-monitored project,252.199.74.243
Audre,Bonham,abonham6t@mashable.com,Mandatory full-range software,168.161.30.60
Chris,Sothcott,csothcott6u@archive.org,Proactive context-sensitive focus group,168.105.254.236
Rori,Nolin,rnolin6v@mlb.com,Organic scalable info-mediaries,197.228.25.141
Rheba,Pensom,rpensom6w@blogs.com,User-friendly incremental solution,65.111.0.104
Engelbert,Fedder,efedder6x@reddit.com,Focused static conglomeration,174.172.174.219
Ezri,McLennan,emclennan6y@yandex.ru,Extended coherent collaboration,140.2.125.194
Lynsey,Endrizzi,lendrizzi6z@archive.org,Enterprise-wide value-added standardization,72.167.149.49
Idalia,Swanton,iswanton70@whitehouse.gov,De-engineered intermediate internet solution,78.123.38.121
Tilly,Godfray,tgodfray71@va.gov,Proactive actuating Graphic Interface,134.169.8.134
Huey,Vicent,hvicent72@psu.edu,Organized client-driven workforce,118.80.43.114
Vinny,Clift,vclift73@oaic.gov.au,Adaptive tangible utilisation,222.203.71.95
Jedd,Rudd,jrudd74@ning.com,Face to face multi-state instruction set,132.26.188.0
Rossie,Longfield,rlongfield75@oaic.gov.au,Mandatory motivating knowledge user,111.22.8.37
Wilt,McAvin,wmcavin76@china.com.cn,Persistent encompassing extranet,250.193.70.64
Dinnie,Ahmad,dahmad77@google.co.jp,Compatible secondary moderator,76.204.59.202
Damon,Gilardi,dgilardi78@wired.com,Function-based scalable analyzer,103.184.9.221
Charin,Side,cside79@oaic.gov.au,Self-enabling dynamic synergy,172.228.157.156
Anabel,Costen,acosten7a@creativecommons.org,Intuitive mobile software,152.187.247.37
Ulla,MacVaugh,umacvaugh7b@dropbox.com,Cross-platform impactful architecture,248.232.24.188
Fara,Chatterton,fchatterton7c@bravesites.com,Horizontal regional support,215.222.102.113
Dorothea,Diglin,ddiglin7d@marketwatch.com,Enterprise-wide methodical infrastructure,19.193.233.206
Leonie,Choppen,lchoppen7e@guardian.co.uk,Polarised methodical focus group,244.68.130.135
Cordey,Taile,ctaile7f@cornell.edu,Exclusive system-worthy product,54.227.115.163
Dwight,Lacy,dlacy7g@ezinearticles.com,Object-based bottom-line structure,15.33.173.98
Joelly,Almack,jalmack7h@amazon.com,User-friendly next generation model,172.210.140.111
Veronika,Glascott,vglascott7i@prweb.com,Re-engineered tangible hub,189.182.160.101
Simone,Hoston,shoston7j@ucoz.com,Pre-emptive stable parallelism,224.193.149.240
Almeda,Linnemann,alinnemann7k@list-manage.com,Multi-tiered holistic capacity,229.206.57.41
Kristofer,Dilleston,kdilleston7l@ocn.ne.jp,Function-based demand-driven parallelism,211.151.133.66
Clarence,Olden,colden7m@guardian.co.uk,Operative contextually-based functionalities,123.108.225.14
Quintin,Steljes,qsteljes7n@about.me,Exclusive attitude-oriented help-desk,205.248.62.147
Corabelle,Towsey,ctowsey7o@sphinn.com,Compatible executive encryption,190.139.57.139
Mendy,Vynehall,mvynehall7p@ucoz.com,Re-engineered systemic capacity,19.144.157.157
Sophey,Grestie,sgrestie7q@ucoz.ru,Ergonomic directional installation,126.105.190.51
Liesa,Belchamber,lbelchamber7r@cam.ac.uk,Secured web-enabled circuit,102.71.159.192
Devin,Froom,dfroom7s@wikia.com,Up-sized national framework,139.81.252.213
Mack,MacRierie,mmacrierie7t@technorati.com,Expanded tangible paradigm,149.1.103.116
Christian,Cattle,ccattle7u@infoseek.co.jp,Synchronised attitude-oriented product,40.94.79.21
Gilbertina,Colbrun,gcolbrun7v@cocolog-nifty.com,Ergonomic stable intranet,190.212.40.227
Sebastiano,Camilleri,scamilleri7w@webmd.com,Object-based human-resource portal,116.222.122.185
Birgitta,Spoors,bspoors7x@lycos.com,Advanced heuristic workforce,66.127.151.94
Ajay,Luck,aluck7y@woothemes.com,Inverse foreground Graphical User Interface,223.6.155.190
Vaughan,Lantiffe,vlantiffe7z@gizmodo.com,Face to face exuding definition,207.248.206.110
Axel,Goold,agoold80@photobucket.com,User-centric systemic portal,28.190.243.61
Beck,Gullan,bgullan81@vimeo.com,Mandatory bifurcated analyzer,64.147.52.92
Craggie,Lemmertz,clemmertz82@geocities.com,Centralized even-keeled portal,137.51.173.11
Lorri,Ovendon,lovendon83@tamu.edu,Up-sized grid-enabled forecast,251.253.49.70
Philip,Bankhurst,pbankhurst84@simplemachines.org,Organized methodical intranet,199.20.195.1
Markos,Blacktin,mblacktin85@google.nl,Persistent coherent emulation,87.15.0.173
Hiram,Mardee,hmardee86@printfriendly.com,Self-enabling multi-tasking artificial intelligence,32.114.8.96
Jeanette,Foakes,jfoakes87@baidu.com,Secured secondary superstructure,24.7.83.255
Geri,Clymer,gclymer88@ovh.net,Grass-roots intermediate task-force,224.45.104.18
Bellina,Indruch,bindruch89@moonfruit.com,Triple-buffered didactic task-force,244.96.22.58
Hadlee,Gilliland,hgilliland8a@purevolume.com,Optimized coherent contingency,158.209.201.252
Rolph,Hulett,rhulett8b@mapy.cz,Configurable object-oriented success,2.250.148.108
Alysia,Letessier,aletessier8c@domainmarket.com,Ameliorated multi-state secured line,115.148.65.22
Ibbie,Littrell,ilittrell8d@ovh.net,Expanded solution-oriented moderator,70.143.184.46
Morie,Darwen,mdarwen8e@vk.com,Business-focused bi-directional toolset,252.115.68.78
Sybil,Rome,srome8f@buzzfeed.com,Upgradable methodical capability,63.13.25.47
Rubin,Peert,rpeert8g@com.com,Switchable multi-tasking architecture,112.244.233.68
Aileen,Balling,aballing8h@123-reg.co.uk,Monitored mobile open architecture,12.171.251.218
Leia,Maharry,lmaharry8i@sakura.ne.jp,Intuitive zero tolerance interface,79.210.123.213
Tillie,Goult,tgoult8j@t-online.de,Front-line 4th generation website,86.53.5.37
Elysee,Shellard,eshellard8k@craigslist.org,Persevering directional forecast,63.129.250.50
Norbie,Holhouse,nholhouse8l@wufoo.com,Face to face executive middleware,104.198.1.122
Evangelin,Casserley,ecasserley8m@princeton.edu,Pre-emptive logistical emulation,169.173.123.211
Matthaeus,Verlinden,mverlinden8n@yandex.ru,Customizable 4th generation core,21.81.42.155
Domenico,Lambirth,dlambirth8o@arstechnica.com,Realigned system-worthy instruction set,239.255.136.54
Phillida,Winsper,pwinsper8p@dropbox.com,Persevering empowering projection,240.19.255.97
Cherin,Bengal,cbengal8q@ow.ly,Optional solution-oriented groupware,167.170.222.230
Enoch,Stukings,estukings8r@wunderground.com,Reverse-engineered 6th generation ability,158.132.210.53
Hy,Pirozzi,hpirozzi8s@mozilla.org,Synchronised upward-trending analyzer,56.197.21.51
Fredra,Dresche,fdresche8t@zimbio.com,Streamlined non-volatile product,230.77.196.43
Kingston,Rattray,krattray8u@tamu.edu,Reduced user-facing circuit,184.176.155.14
Karia,Booth,kbooth8v@economist.com,Streamlined incremental intranet,175.95.253.106
Bevan,Prattin,bprattin8w@slashdot.org,Programmable encompassing synergy,130.232.229.111
Susette,Gaffer,sgaffer8x@github.com,Enhanced dynamic benchmark,184.244.170.93
Jarib,Lorens,jlorens8y@msu.edu,Public-key zero tolerance knowledge base,13.2.40.130
Olwen,Eliaz,oeliaz8z@furl.net,Networked cohesive extranet,21.210.184.146
Greg,Swinnerton,gswinnerton90@arstechnica.com,Enterprise-wide actuating productivity,163.16.151.199
Klaus,Kobpac,kkobpac91@amazon.com,Right-sized national groupware,23.42.246.190
Josee,Miners,jminers92@redcross.org,Compatible scalable customer loyalty,241.47.168.36
Dee dee,Purkess,dpurkess93@europa.eu,Stand-alone well-modulated ability,52.142.238.199
Mallissa,Saltmarsh,msaltmarsh94@phoca.cz,Customizable mission-critical analyzer,95.172.132.196
Gerianne,Death,gdeath95@comcast.net,Cross-platform upward-trending software,190.96.175.99
Almeta,Cunde,acunde96@ca.gov,Sharable systemic interface,235.6.58.66
Gianni,Strank,gstrank97@example.com,Streamlined asymmetric utilisation,238.246.87.160
Sayres,Fowden,sfowden98@ca.gov,Innovative content-based attitude,43.209.127.164
Gwennie,Kilshall,gkilshall99@chicagotribune.com,Assimilated mobile attitude,30.58.16.166
Haywood,Fussen,hfussen9a@cafepress.com,Reduced bandwidth-monitored strategy,159.22.21.12
Bryana,Spurriar,bspurriar9b@mit.edu,Intuitive multi-tasking hierarchy,116.207.175.70
Julieta,Haresnape,jharesnape9c@example.com,Centralized multi-state functionalities,49.253.29.215
Krispin,Jelleman,kjelleman9d@skyrock.com,Sharable homogeneous task-force,213.250.126.192
Giacomo,Coathup,gcoathup9e@usgs.gov,Team-oriented holistic archive,61.92.63.11
Myrah,Coopper,mcoopper9f@sohu.com,Function-based multi-state approach,177.11.48.201
Gladi,Pascho,gpascho9g@about.me,Customizable multi-tasking system engine,91.76.132.210
Allard,Rotchell,arotchell9h@mit.edu,Programmable fresh-thinking moratorium,106.62.214.77
Paulie,Wholesworth,pwholesworth9i@vkontakte.ru,Upgradable intermediate circuit,45.104.91.218
Rowney,Glencross,rglencross9j@cdc.gov,Profound 3rd generation approach,244.119.107.166
Bear,Gueste,bgueste9k@hud.gov,Implemented asynchronous data-warehouse,138.213.56.251
Connie,Woolland,cwoolland9l@yellowpages.com,Cross-group mobile parallelism,201.80.238.161
Merrielle,Allingham,mallingham9m@wikimedia.org,Face to face dynamic policy,92.247.68.9
Aloysius,Adamides,aadamides9n@businesswire.com,Operative client-driven analyzer,164.11.61.1
Sue,Favell,sfavell9o@army.mil,Automated methodical analyzer,125.121.74.74
Carrie,Kibby,ckibby9p@squidoo.com,Object-based explicit standardization,36.32.231.77
Arnaldo,Prys,aprys9q@vk.com,Polarised uniform initiative,107.31.38.49
Alison,Arnholtz,aarnholtz9r@oracle.com,Open-source non-volatile customer loyalty,106.178.213.46
Weylin,Ulyatt,wulyatt9s@google.fr,Integrated static info-mediaries,14.37.111.34
Lauritz,Mulderrig,lmulderrig9t@a8.net,Reverse-engineered holistic matrices,234.11.65.79
Rayna,Illyes,rillyes9u@blogger.com,Quality-focused dedicated budgetary management,34.129.171.57
Gayel,Synan,gsynan9v@bravesites.com,Balanced 6th generation throughput,30.10.206.11
Esra,Girardez,egirardez9w@lulu.com,Adaptive fresh-thinking hardware,214.186.242.75
Sherrie,Tritton,stritton9x@homestead.com,Advanced upward-trending database,185.151.28.20
Trstram,Raith,traith9y@sun.com,Open-source high-level protocol,194.81.208.246
Raynor,Wrightem,rwrightem9z@sitemeter.com,Total executive flexibility,131.189.203.198
Kathryne,Kirman,kkirmana0@blogspot.com,Total transitional collaboration,128.144.106.85
Chryste,Burnie,cburniea1@cornell.edu,Enhanced zero administration capacity,80.65.83.123
Suzi,Rosenblatt,srosenblatta2@sfgate.com,Visionary maximized orchestration,63.100.67.11
Wilie,Hollindale,whollindalea3@exblog.jp,Optional eco-centric methodology,127.233.118.162
Romola,Leirmonth,rleirmontha4@europa.eu,Grass-roots full-range solution,181.10.192.251
Upton,Truss,utrussa5@mozilla.org,Fundamental object-oriented groupware,208.179.10.246
Pen,Chalder,pchaldera6@tinypic.com,Customer-focused multimedia budgetary management,91.21.33.233
Ynes,Bellingham,ybellinghama7@blogspot.com,Multi-lateral foreground architecture,64.57.185.118
Cinderella,Paradise,cparadisea8@hibu.com,Reduced secondary service-desk,168.126.221.163
Berenice,Clewley,bclewleya9@huffingtonpost.com,Proactive neutral local area network,55.179.23.64
Joshia,Statter,jstatteraa@imageshack.us,Inverse optimizing concept,45.4.201.154
Freida,Ebhardt,febhardtab@scientificamerican.com,Networked analyzing emulation,12.9.152.71
Buiron,Jerschke,bjerschkeac@latimes.com,Grass-roots solution-oriented open architecture,48.1.203.124
Arielle,Gogerty,agogertyad@123-reg.co.uk,Visionary 6th generation project,73.95.50.71
Kayne,Triner,ktrinerae@addthis.com,Seamless next generation forecast,189.194.32.164
Rourke,Hebble,rhebbleaf@freewebs.com,Fully-configurable asymmetric approach,5.89.135.86
Danya,Buckberry,dbuckberryag@scientificamerican.com,Multi-tiered scalable infrastructure,101.205.14.18
Imogene,Kobke,ikobkeah@sohu.com,Proactive needs-based help-desk,96.187.165.13
Tybalt,Adamsson,tadamssonai@thetimes.co.uk,Public-key exuding capacity,161.137.233.204
Parry,Leggitt,pleggittaj@friendfeed.com,Multi-lateral multi-tasking task-force,155.254.35.66
Wiley,Jiruca,wjirucaak@cornell.edu,Profit-focused well-modulated capability,98.189.40.217
Liliane,Lenthall,llenthallal@narod.ru,Configurable multi-tasking conglomeration,83.178.197.117
Hashim,Gilbody,hgilbodyam@godaddy.com,Balanced hybrid function,204.138.110.166
Clo,Ginty,cgintyan@sciencedirect.com,Up-sized directional middleware,77.176.118.244
Datha,O'Sheeryne,dosheeryneao@ucoz.com,Ergonomic zero defect software,50.44.41.155
Lynda,Bachnic,lbachnicap@walmart.com,Stand-alone intermediate approach,115.21.198.218
Janelle,Holyland,jholylandaq@t-online.de,Sharable composite archive,12.219.186.114
Chantalle,O'Crotty,cocrottyar@psu.edu,Programmable uniform frame,26.196.71.224
Hastie,Siegertsz,hsiegertszas@mail.ru,Open-source cohesive attitude,67.170.98.66
Hugues,Nolder,hnolderat@mozilla.org,Automated user-facing Graphical User Interface,141.151.101.254
Ettie,Lummus,elummusau@biblegateway.com,Universal asymmetric interface,35.171.82.224
Chas,Burgne,cburgneav@hatena.ne.jp,Integrated optimizing middleware,27.248.71.56
Ameline,Beamish,abeamishaw@mit.edu,Quality-focused modular Graphic Interface,164.33.90.88
Dori,Heiden,dheidenax@ca.gov,Balanced multimedia matrices,7.159.239.202
Dorie,Strelitzer,dstrelitzeray@sciencedaily.com,Multi-channelled 4th generation analyzer,204.158.196.192
Carlyle,Colleer,ccolleeraz@google.ca,Reactive methodical archive,155.197.23.58
Jesselyn,Buckleigh,jbuckleighb0@sourceforge.net,Visionary background challenge,251.153.31.225
Raddy,Gorling,rgorlingb1@prweb.com,Secured mobile system engine,119.140.81.240
Paule,Stratz,pstratzb2@rambler.ru,Open-source heuristic open architecture,189.40.197.233
Raven,Fairham,rfairhamb3@godaddy.com,Virtual uniform archive,43.64.25.99
Debor,Nealey,dnealeyb4@domainmarket.com,Streamlined optimizing help-desk,82.206.90.154
Mylo,Gridley,mgridleyb5@illinois.edu,Reactive multi-state database,142.58.158.111
Susannah,Galland,sgallandb6@aol.com,Centralized executive analyzer,212.252.110.64
Dasha,Manktelow,dmanktelowb7@usatoday.com,Re-engineered leading edge open system,191.190.31.177
Carce,Stag,cstagb8@geocities.com,Virtual regional task-force,208.14.205.45
Selie,Shotbolt,sshotboltb9@yandex.ru,Innovative non-volatile algorithm,164.112.39.234
Kalie,Guiton,kguitonba@miitbeian.gov.cn,Assimilated grid-enabled knowledge user,231.200.6.91
Evin,Carwithan,ecarwithanbb@indiatimes.com,Expanded 3rd generation utilisation,150.197.90.138
Rae,Leipnik,rleipnikbc@pinterest.com,Business-focused bi-directional budgetary management,103.200.152.152
Leeland,Behagg,lbehaggbd@dion.ne.jp,Switchable bottom-line strategy,233.67.61.231
Amalie,Nozzolii,anozzoliibe@rambler.ru,Devolved clear-thinking success,248.243.189.71
Flossie,Ollier,follierbf@jugem.jp,Function-based maximized customer loyalty,227.108.132.63
Renault,Motto,rmottobg@yellowbook.com,Integrated optimal instruction set,249.250.164.187
Colman,Sancias,csanciasbh@reverbnation.com,Universal intermediate secured line,98.200.197.66
Bald,Cohalan,bcohalanbi@4shared.com,Adaptive empowering superstructure,56.200.244.18
Jard,Girardetti,jgirardettibj@google.com,Total directional firmware,94.126.16.45
Eolande,Haining,ehainingbk@bloglovin.com,Secured actuating knowledge user,85.153.151.185
Stacia,Kays,skaysbl@blogspot.com,Organized zero administration strategy,124.68.77.18
Jay,Hasluck,jhasluckbm@biblegateway.com,Centralized content-based structure,117.43.95.98
El,Comello,ecomellobn@taobao.com,Pre-emptive 5th generation contingency,124.245.108.9
Mechelle,Toffoloni,mtoffolonibo@apple.com,Organized zero administration database,52.214.74.174
Sloan,Franschini,sfranschinibp@twitpic.com,Persevering composite instruction set,177.253.43.151
Melitta,Brett,mbrettbq@blogspot.com,Persevering zero administration middleware,251.81.89.69
Rog,Trent,rtrentbr@xrea.com,Devolved logistical extranet,38.208.238.23
Sidney,Blowers,sblowersbs@gravatar.com,Virtual discrete moderator,79.73.145.21
Melody,Benedyktowicz,mbenedyktowiczbt@walmart.com,Balanced full-range neural-net,126.101.225.210
Doralynn,Bamlett,dbamlettbu@hostgator.com,Fully-configurable non-volatile installation,66.140.2.50
Tait,Bridges,tbridgesbv@liveinternet.ru,Digitized 5th generation artificial intelligence,184.78.10.68
Lane,Griswaite,lgriswaitebw@weather.com,Fully-configurable bottom-line analyzer,170.51.170.193
Perri,Comusso,pcomussobx@walmart.com,Integrated empowering adapter,237.230.149.61
Stafford,Whetson,swhetsonby@blogspot.com,Reduced methodical system engine,133.89.248.69
Clarence,Fraczak,cfraczakbz@rakuten.co.jp,De-engineered needs-based framework,36.181.48.243
Sabine,Tennet,stennetc0@ftc.gov,Organized 24 hour architecture,77.235.15.102
Raddy,Antoniat,rantoniatc1@aboutads.info,Right-sized holistic success,187.82.140.223
Zeb,Getcliffe,zgetcliffec2@ihg.com,Customizable 6th generation pricing structure,69.60.211.76
Erl,Basire,ebasirec3@flickr.com,Devolved actuating utilisation,113.171.86.26
Solomon,Tedstone,stedstonec4@cnbc.com,Compatible content-based policy,214.16.10.87
Debera,Guyonnet,dguyonnetc5@deviantart.com,Multi-channelled encompassing project,21.23.120.165
Hilliary,Vagges,hvaggesc6@trellian.com,Open-architected transitional solution,106.100.232.61
Aubrey,Loftus,aloftusc7@stumbleupon.com,Compatible 3rd generation frame,68.151.143.112
Vinny,Pulster,vpulsterc8@hibu.com,Re-contextualized hybrid structure,96.22.151.136
Cindee,Huetson,chuetsonc9@timesonline.co.uk,Balanced tertiary solution,252.60.170.121
Nevin,Felix,nfelixca@columbia.edu,Networked systematic open system,179.254.240.162
Norton,Dring,ndringcb@timesonline.co.uk,Configurable bandwidth-monitored access,50.187.76.248
Linell,Fearney,lfearneycc@pagesperso-orange.fr,Sharable system-worthy orchestration,34.186.94.245
Lila,Rottery,lrotterycd@hugedomains.com,Persistent exuding secured line,188.238.100.59
Romonda,Twopenny,rtwopennyce@twitter.com,Expanded secondary task-force,197.159.124.158
Patrick,Pervew,ppervewcf@cnn.com,Right-sized stable conglomeration,90.161.244.32
Gennie,Yashnov,gyashnovcg@liveinternet.ru,Cross-group bi-directional infrastructure,166.72.23.8
Cullin,Mayman,cmaymanch@examiner.com,Innovative local data-warehouse,53.243.49.100
Calypso,Dumbrill,cdumbrillci@bandcamp.com,Reactive user-facing productivity,202.25.131.44
Bail,Suscens,bsuscenscj@rambler.ru,Synergistic mobile definition,59.246.186.176
Buddy,Kimberly,bkimberlyck@forbes.com,Organized bifurcated help-desk,20.119.124.74
Opal,Lockhart,olockhartcl@netlog.com,Ameliorated 24 hour orchestration,94.92.108.100
Frants,Seabrooke,fseabrookecm@instagram.com,Stand-alone analyzing analyzer,228.34.12.50
Chandler,Badam,cbadamcn@gravatar.com,Public-key user-facing neural-net,223.114.22.221
Bea,Reinmar,breinmarco@oracle.com,Synchronised directional archive,227.44.96.173
Shae,Paynes,spaynescp@fastcompany.com,Universal bifurcated solution,238.211.223.171
Nedi,Drife,ndrifecq@cyberchimps.com,Diverse 3rd generation Graphical User Interface,39.156.69.179
Davon,Secker,dseckercr@vinaora.com,Sharable encompassing adapter,95.89.17.222
Odell,Halling,ohallingcs@mozilla.com,Persistent bifurcated methodology,163.168.92.86
Robinet,Emblin,remblinct@google.de,Grass-roots fresh-thinking internet solution,8.80.182.73
Simone,Streat,sstreatcu@redcross.org,Configurable full-range alliance,120.114.216.136
Pepe,Daines,pdainescv@php.net,Implemented asymmetric functionalities,79.123.176.104
Elora,Bowler,ebowlercw@godaddy.com,Mandatory intermediate interface,66.11.19.131
Dorette,Christon,dchristoncx@opensource.org,Progressive optimizing Graphic Interface,57.221.170.207
Pascal,Seligson,pseligsoncy@salon.com,Reverse-engineered object-oriented project,148.222.51.0
Ileana,Ashelford,iashelfordcz@hostgator.com,Universal full-range software,238.192.206.113
Fonz,Beiderbecke,fbeiderbecked0@mlb.com,Advanced zero defect open architecture,162.90.50.205
Veda,Gilcriest,vgilcriestd1@stanford.edu,Synergistic executive software,20.30.172.127
Kathye,Reyner,kreynerd2@virginia.edu,Focused tangible pricing structure,81.51.203.144
Lorilee,Mingotti,lmingottid3@bizjournals.com,Operative actuating intranet,22.90.194.209
Mufi,Sabbatier,msabbatierd4@twitpic.com,Secured stable conglomeration,221.145.67.122
Annetta,Asbery,aasberyd5@ovh.net,Self-enabling exuding encoding,242.157.2.206
Kandy,Ben-Aharon,kbenaharond6@example.com,De-engineered motivating knowledge user,110.38.174.225
Stavro,Humpage,shumpaged7@mlb.com,Organized regional task-force,100.122.115.0
Erick,Passingham,epassinghamd8@apple.com,Horizontal maximized neural-net,249.198.248.14
Jeth,Balazot,jbalazotd9@chronoengine.com,Managed transitional circuit,44.19.70.40
Tasha,Larmouth,tlarmouthda@last.fm,Triple-buffered coherent throughput,228.44.207.134
Alvis,Taw,atawdb@sina.com.cn,Profound local Graphical User Interface,157.141.85.138
Tandi,Charlesworth,tcharlesworthdc@pcworld.com,Customer-focused dynamic attitude,185.71.177.193
Nickolai,Quernel,nquerneldd@nydailynews.com,Profound even-keeled parallelism,116.253.116.125
Ardelia,Ebenezer,aebenezerde@google.ca,Optional full-range analyzer,60.249.247.3
Odie,Archbutt,oarchbuttdf@tinyurl.com,Intuitive clear-thinking access,72.207.165.113
Cayla,Ghiriardelli,cghiriardellidg@geocities.jp,Phased fault-tolerant matrix,236.169.230.37
Bram,Sawtell,bsawtelldh@biblegateway.com,Upgradable analyzing capacity,248.244.193.7
Nanice,Groves,ngrovesdi@pen.io,Synchronised 5th generation policy,108.173.163.47
Morgen,Carden,mcardendj@sphinn.com,Robust intermediate parallelism,94.142.214.229
Candi,Boydle,cboydledk@noaa.gov,Decentralized responsive internet solution,171.240.186.174
Marshal,Moryson,mmorysondl@plala.or.jp,Extended clear-thinking algorithm,17.167.9.165
Katherina,Vost,kvostdm@cpanel.net,Mandatory user-facing infrastructure,77.161.102.50
Lanni,Rudiger,lrudigerdn@craigslist.org,De-engineered clear-thinking attitude,79.159.172.65
Chauncey,Wavish,cwavishdo@blogger.com,Versatile background matrices,143.63.30.252
Malynda,Brister,mbristerdp@vimeo.com,Down-sized well-modulated approach,99.99.197.205
Flory,Payze,fpayzedq@businessweek.com,Total actuating capability,209.183.107.111
Jessey,Shackelton,jshackeltondr@w3.org,Operative heuristic analyzer,113.162.197.197
Gaston,Schleswig-Holstein,gschleswigholsteinds@about.me,Public-key foreground knowledge user,211.78.215.173
Jourdan,Ganforthe,jganforthedt@a8.net,Cross-group tangible matrices,92.118.147.128
Simeon,Jost,sjostdu@mysql.com,Up-sized web-enabled knowledge base,55.98.41.62
Gus,Armytage,garmytagedv@sourceforge.net,Automated homogeneous intranet,115.18.7.105
Devina,Joe,djoedw@pinterest.com,Persevering needs-based challenge,94.46.127.37
Brennan,Mac,bmacdx@census.gov,Automated mission-critical pricing structure,185.217.81.102
Dorothea,Masson,dmassondy@disqus.com,Grass-roots methodical concept,7.47.250.72
Judie,Bebb,jbebbdz@google.es,Optimized optimizing leverage,66.137.3.186
Pascale,Grafham,pgrafhame0@newyorker.com,Decentralized even-keeled firmware,106.50.1.0
Hazel,Truesdale,htruesdalee1@instagram.com,Secured incremental hierarchy,127.172.211.89
Almeta,Hourihan,ahourihane2@ustream.tv,Implemented didactic data-warehouse,222.192.236.96
Greg,Kidds,gkiddse3@prnewswire.com,Multi-channelled maximized implementation,177.9.160.1
Amanda,Slatter,aslattere4@zimbio.com,Pre-emptive static encoding,117.84.17.233
Raddy,Dallywater,rdallywatere5@springer.com,Devolved mobile customer loyalty,73.110.19.65
Emelina,D'Alwis,edalwise6@fastcompany.com,Profound zero administration open architecture,220.11.173.154
Vin,Skoggins,vskogginse7@answers.com,Adaptive context-sensitive workforce,103.213.17.254
Merla,Grenfell,mgrenfelle8@reverbnation.com,Customizable disintermediate task-force,44.241.216.205
Barby,Pym,bpyme9@goodreads.com,Decentralized intangible frame,68.140.244.221
Kaiser,Barthrop,kbarthropea@dropbox.com,Networked directional Graphical User Interface,102.14.125.221
Eolande,Faithfull,efaithfulleb@webnode.com,Reverse-engineered directional synergy,208.183.71.69
Suzette,Khosa,skhosaec@macromedia.com,Profit-focused methodical website,154.75.70.231
Merla,Notton,mnottoned@ehow.com,Balanced bi-directional initiative,253.102.73.205
Valentia,Beiderbecke,vbeiderbeckeee@prweb.com,Versatile client-driven hardware,43.18.96.95
Estele,Sheardown,esheardownef@marketwatch.com,Automated static hardware,76.72.146.241
Kessiah,Gerg,kgergeg@stanford.edu,Inverse exuding core,119.54.233.132
Cari,Dober,cdobereh@seesaa.net,Optional non-volatile approach,39.71.146.75
Kylie,Wickett,kwickettei@dedecms.com,Centralized zero defect capability,194.228.55.198
Dorita,Devon,ddevonej@newsvine.com,Face to face incremental contingency,136.210.34.63
Modestine,O' Ronan,moronanek@forbes.com,Stand-alone exuding standardization,122.201.240.247
Robinson,Dinan,rdinanel@dedecms.com,Customizable regional portal,33.103.201.130
Decca,Keast,dkeastem@latimes.com,Customer-focused systemic product,74.181.5.132
Danila,Greenhowe,dgreenhoween@zimbio.com,Grass-roots systematic moderator,90.62.117.115
Rhett,Lackie,rlackieeo@wufoo.com,Profound multi-state process improvement,247.162.21.58
Gare,Dilkes,gdilkesep@xinhuanet.com,Persevering incremental workforce,127.96.4.4
Kirstyn,O' Hern,koherneq@cisco.com,Front-line demand-driven capacity,79.57.180.12
Faustina,Klaes,fklaeser@jiathis.com,Inverse homogeneous software,114.113.252.41
Gloria,Evert,gevertes@cdc.gov,Horizontal asymmetric emulation,127.208.175.52
Devlin,Tilston,dtilstonet@xrea.com,Upgradable secondary challenge,44.114.75.217
Shayla,Breming,sbremingeu@prlog.org,Enterprise-wide cohesive attitude,221.11.165.234
Sheila-kathryn,Beetles,sbeetlesev@virginia.edu,Versatile well-modulated algorithm,129.22.232.248
Francyne,Klaus,fklausew@census.gov,Devolved full-range architecture,81.22.29.105
Hermie,Pipworth,hpipworthex@sohu.com,Monitored optimal adapter,197.242.59.165
Sherm,Hickenbottom,shickenbottomey@scientificamerican.com,Visionary coherent system engine,159.126.80.244
Gabriel,Rahill,grahillez@zimbio.com,Synergistic holistic capacity,75.215.106.154
Netta,Hanmore,nhanmoref0@exblog.jp,Progressive multi-state capability,99.244.241.120
Hall,Alsop,halsopf1@reuters.com,Robust tertiary product,227.39.142.214
Angel,Wharfe,awharfef2@imdb.com,Secured bi-directional algorithm,94.185.103.168
Janice,Trail,jtrailf3@cbc.ca,Open-source systemic secured line,191.254.214.169
Peyter,McGroarty,pmcgroartyf4@chicagotribune.com,Total well-modulated protocol,49.246.16.4
Aksel,Bagnell,abagnellf5@mapquest.com,Self-enabling demand-driven interface,42.0.167.52
Jimmie,Hovell,jhovellf6@cloudflare.com,Re-engineered cohesive architecture,137.15.66.8
Leeland,Jehaes,ljehaesf7@va.gov,Right-sized demand-driven hardware,133.53.37.167
Kelly,Pawlowicz,kpawlowiczf8@nasa.gov,Open-source background project,254.138.168.22
Midge,Mowsdill,mmowsdillf9@loc.gov,Optional maximized core,102.103.108.132
Maurice,Iveagh,miveaghfa@tmall.com,Horizontal explicit complexity,105.184.96.140
Francine,Blannin,fblanninfb@oakley.com,User-centric transitional Graphic Interface,203.23.142.79
Dory,Treadaway,dtreadawayfc@imageshack.us,Enterprise-wide value-added groupware,44.49.52.225
Hilario,Dearan,hdearanfd@smh.com.au,Multi-channelled leading edge artificial intelligence,249.70.152.84
Heath,Broodes,hbroodesfe@mtv.com,Digitized zero tolerance focus group,6.130.4.218
Berget,Saffran,bsaffranff@earthlink.net,Reverse-engineered explicit open architecture,22.73.246.36
Bruis,Climance,bclimancefg@globo.com,Networked mission-critical productivity,69.193.64.207
Gal,Burl,gburlfh@netscape.com,Universal secondary workforce,184.128.63.180
Cecilia,Escot,cescotfi@theguardian.com,Organic attitude-oriented synergy,18.220.98.162
Raleigh,Tomczykowski,rtomczykowskifj@reuters.com,Re-engineered non-volatile support,173.29.214.210
Wain,Alvarado,walvaradofk@fema.gov,Customizable bottom-line help-desk,14.119.155.113
Siana,Philippson,sphilippsonfl@abc.net.au,Synergistic well-modulated emulation,31.227.46.110
Zebulon,Chamney,zchamneyfm@1688.com,Organic next generation core,221.139.186.54
Dwight,Whellams,dwhellamsfn@ucoz.ru,Managed 24 hour knowledge user,187.219.18.56
Ber,Southam,bsouthamfo@ow.ly,Organic cohesive help-desk,106.16.108.251
Beverly,Kubacki,bkubackifp@java.com,Inverse motivating application,37.227.214.169
Neville,Jahner,njahnerfq@themeforest.net,Customizable logistical infrastructure,111.84.247.108
Nicholas,Guillard,nguillardfr@theatlantic.com,Sharable systemic function,14.235.217.178
Britt,Gorgl,bgorglfs@berkeley.edu,Persevering clear-thinking functionalities,121.208.64.13
Omero,Sherbrook,osherbrookft@prlog.org,Operative upward-trending capacity,10.109.79.222
Gail,Burchmore,gburchmorefu@networkadvertising.org,Innovative intangible encoding,98.226.180.5
Alleen,Dunkerley,adunkerleyfv@cdc.gov,Right-sized mobile task-force,243.144.91.135
Janet,Blackie,jblackiefw@columbia.edu,Devolved encompassing paradigm,115.45.154.191
Darlleen,Triggel,dtriggelfx@soup.io,Horizontal mission-critical portal,199.5.4.231
Cameron,Farleigh,cfarleighfy@vinaora.com,Realigned zero tolerance function,230.220.120.189
Leticia,Talman,ltalmanfz@latimes.com,Extended radical workforce,200.15.226.153
Darlene,Miranda,dmirandag0@goo.gl,Persevering systemic info-mediaries,220.159.169.150
Ophelia,Sanzio,osanziog1@seesaa.net,Decentralized asymmetric framework,124.203.38.67
Gabi,Aery,gaeryg2@mapy.cz,Re-engineered high-level system engine,93.156.54.116
Christie,Kennerknecht,ckennerknechtg3@naver.com,Pre-emptive methodical success,176.143.172.5
Lyndsey,Eudall,leudallg4@bbb.org,Optional transitional implementation,58.88.196.145
Dominga,Sagg,dsaggg5@geocities.com,Pre-emptive systemic local area network,194.41.253.8
Vin,Cicchinelli,vcicchinellig6@paginegialle.it,Automated logistical support,92.163.208.137
Adela,Bourner,abournerg7@gravatar.com,Programmable interactive synergy,114.74.131.7
Allis,Sex,asexg8@google.com,Upgradable 6th generation task-force,194.105.247.247
Kordula,Lawling,klawlingg9@newyorker.com,Persistent composite alliance,144.164.21.69
Millisent,Kilshaw,mkilshawga@google.co.uk,Organic bottom-line protocol,47.111.223.239
Lorna,Blacklawe,lblacklawegb@oakley.com,Assimilated bi-directional intranet,130.131.85.229
Giacopo,Constantine,gconstantinegc@fc2.com,Advanced discrete encoding,204.15.141.74
Phillip,Croutear,pcrouteargd@disqus.com,Enhanced intangible superstructure,89.247.225.12
Lina,Ambler,lamblerge@accuweather.com,Fully-configurable bandwidth-monitored algorithm,236.87.47.122
Madella,Saile,msailegf@miibeian.gov.cn,Persistent national throughput,138.89.48.125
Elvyn,Winney,ewinneygg@google.co.jp,Customizable motivating framework,127.20.254.4
Wesley,Poore,wpooregh@amazon.de,Distributed stable implementation,206.31.224.196
Patience,Davitt,pdavittgi@drupal.org,User-friendly value-added framework,62.131.95.186
Connie,Binner,cbinnergj@multiply.com,Exclusive value-added data-warehouse,160.195.242.89
Patrizio,Hawney,phawneygk@apache.org,Vision-oriented upward-trending frame,161.58.25.132
Wilbur,Dandy,wdandygl@state.tx.us,Robust radical extranet,82.5.250.18
Wolfie,Altofts,waltoftsgm@myspace.com,Re-engineered exuding archive,7.160.129.63
Luciano,Masselin,lmasselingn@qq.com,Adaptive maximized model,130.55.61.125
Nathanael,De Freitas,ndefreitasgo@artisteer.com,Polarised scalable archive,240.11.162.32
Cecilius,Novak,cnovakgp@wordpress.org,Cross-group homogeneous installation,50.0.58.219
Kellen,Beedle,kbeedlegq@utexas.edu,Quality-focused disintermediate product,74.154.229.197
Emmit,Felten,efeltengr@yahoo.com,Devolved eco-centric parallelism,122.102.195.153
Delia,Dubarry,ddubarrygs@feedburner.com,User-centric context-sensitive parallelism,220.160.152.221
Giacinta,Mableson,gmablesongt@nih.gov,Self-enabling next generation analyzer,128.211.105.250
Merridie,Ranald,mranaldgu@sciencedirect.com,Assimilated bottom-line encryption,121.143.151.24
Lanna,Dulieu,ldulieugv@dagondesign.com,Right-sized bandwidth-monitored local area network,100.127.250.69
Korey,Broun,kbroungw@mit.edu,Pre-emptive human-resource data-warehouse,237.60.100.49
Lonnie,Rosborough,lrosboroughgx@wikia.com,Inverse human-resource analyzer,139.70.109.12
Coleen,McDugal,cmcdugalgy@123-reg.co.uk,Reverse-engineered 6th generation architecture,243.36.167.35
Jecho,Gajownik,jgajownikgz@ning.com,Persistent 3rd generation emulation,203.210.100.175
Erin,Loney,eloneyh0@bluehost.com,Organized clear-thinking model,122.88.225.157
Winnie,Hannigane,whanniganeh1@constantcontact.com,Innovative content-based Graphic Interface,247.8.148.229
Rudolfo,De Bruin,rdebruinh2@wikimedia.org,Multi-lateral exuding circuit,191.78.60.11
Archy,Denisot,adenisoth3@sitemeter.com,Multi-layered upward-trending budgetary management,141.160.116.30
Stern,Ambrosini,sambrosinih4@wordpress.org,Phased fresh-thinking parallelism,243.38.125.38
Elliott,Juhruke,ejuhrukeh5@nasa.gov,Polarised bandwidth-monitored support,164.78.171.141
Preston,Attersoll,pattersollh6@webs.com,Assimilated static Graphic Interface,40.70.142.242
Lindsey,Wyer,lwyerh7@symantec.com,Multi-tiered radical moratorium,84.223.35.53
Harley,Turbill,hturbillh8@wufoo.com,Phased local paradigm,201.223.25.148
Hillyer,Londors,hlondorsh9@mlb.com,Fully-configurable static migration,212.133.4.224
Con,Reggiani,creggianiha@i2i.jp,Re-contextualized human-resource firmware,94.200.151.93
Haskel,Godlee,hgodleehb@stanford.edu,Decentralized optimal standardization,20.251.89.230
Cathe,Gaddas,cgaddashc@shutterfly.com,Cross-platform multi-state forecast,33.62.157.34
Creigh,Stove,cstovehd@opera.com,Customizable 5th generation groupware,8.230.137.128
Garvin,Patzelt,gpatzelthe@devhub.com,Organic multi-state concept,62.44.28.65
Zared,Askaw,zaskawhf@chronoengine.com,Optional composite approach,33.183.35.140
Nannie,Bollam,nbollamhg@hostgator.com,Open-architected human-resource secured line,199.130.211.35
Glenine,Silveston,gsilvestonhh@yellowpages.com,Secured high-level implementation,5.227.230.102
Carver,Beese,cbeesehi@businessweek.com,Reverse-engineered tertiary approach,139.75.24.136
Carson,Burkhill,cburkhillhj@amazonaws.com,Re-contextualized web-enabled system engine,47.41.107.118
Tadd,Mourant,tmouranthk@seattletimes.com,Down-sized modular approach,233.108.5.92
Ericha,Kimpton,ekimptonhl@sohu.com,Upgradable high-level leverage,49.172.46.163
Cariotta,Lawty,clawtyhm@yahoo.com,Polarised static methodology,94.1.42.1
Micky,Davidsohn,mdavidsohnhn@guardian.co.uk,User-friendly leading edge solution,221.216.117.247
Colver,Andrin,candrinho@exblog.jp,Secured uniform policy,176.121.92.179
Kaine,Bateman,kbatemanhp@miitbeian.gov.cn,Advanced disintermediate monitoring,203.241.215.40
Olivie,Macieja,omaciejahq@nasa.gov,Customer-focused dedicated moratorium,1.213.119.201
Rene,Duker,rdukerhr@wiley.com,Adaptive impactful hub,254.252.6.94
Romonda,Tunnick,rtunnickhs@sfgate.com,Triple-buffered object-oriented encryption,63.203.239.111
Olia,Pitsall,opitsallht@csmonitor.com,Realigned explicit definition,88.37.238.107
Genovera,Hanniger,ghannigerhu@netvibes.com,Versatile incremental solution,6.62.131.25
Gerda,Eyton,geytonhv@feedburner.com,Face to face multimedia ability,115.184.101.157
Rania,Darwent,rdarwenthw@umich.edu,User-centric directional matrices,115.17.106.66
Thomasina,Kennon,tkennonhx@telegraph.co.uk,Expanded optimal service-desk,113.195.242.1
Laura,McGreary,lmcgrearyhy@time.com,Advanced human-resource concept,171.111.201.124
Henrie,Locks,hlockshz@wiley.com,Mandatory attitude-oriented artificial intelligence,208.109.38.53
Charmian,Reffe,creffei0@china.com.cn,Compatible foreground alliance,130.237.10.1
Devonne,Severs,dseversi1@zimbio.com,Customer-focused disintermediate pricing structure,238.202.119.18
Smitty,Cockshott,scockshotti2@taobao.com,Proactive uniform core,96.238.250.195
Monique,Abbs,mabbsi3@zimbio.com,Open-source tangible project,26.8.183.10
Isabeau,Van Waadenburg,ivanwaadenburgi4@unc.edu,Multi-tiered exuding approach,243.238.81.158
Hamlen,Kachel,hkacheli5@multiply.com,Organic needs-based open system,208.164.41.164
Dane,Loffhead,dloffheadi6@lulu.com,Centralized holistic encryption,22.89.155.224
Kit,Diment,kdimenti7@reuters.com,Centralized hybrid policy,124.171.156.239
Gaultiero,Saltwell,gsaltwelli8@de.vu,Vision-oriented high-level throughput,70.178.130.238
Berton,Delos,bdelosi9@unicef.org,Focused value-added encryption,210.21.138.71
Isabelle,Gurry,igurryia@rakuten.co.jp,Polarised radical ability,249.74.168.233
Delaney,Rutgers,drutgersib@so-net.ne.jp,Multi-tiered holistic system engine,60.101.131.132
Jacquelynn,Garvin,jgarvinic@imgur.com,Diverse mission-critical forecast,216.198.133.175
Maddi,Harrhy,mharrhyid@mtv.com,Centralized didactic Graphic Interface,61.40.60.129
Normie,Ruddiman,nruddimanie@google.com.hk,Implemented mission-critical service-desk,4.77.28.14
Joe,Cunnane,jcunnaneif@ustream.tv,Automated 24/7 architecture,250.67.205.36
Ekaterina,Battersby,ebattersbyig@google.fr,Persevering impactful info-mediaries,21.138.63.115
Cary,Petraitis,cpetraitisih@google.fr,Intuitive foreground Graphic Interface,14.122.207.186
Avictor,Carvilla,acarvillaii@aboutads.info,Business-focused dedicated artificial intelligence,204.150.247.46
Felicle,Burch,fburchij@cornell.edu,Phased holistic hardware,185.78.36.240
Jeremie,Pietsma,jpietsmaik@woothemes.com,Configurable content-based policy,21.80.122.31
Tanya,Hailes,thailesil@oaic.gov.au,Fully-configurable eco-centric solution,65.134.120.148
Westleigh,Reek,wreekim@ox.ac.uk,Up-sized 4th generation synergy,51.195.57.163
Lida,Pogson,lpogsonin@webs.com,Open-source content-based interface,129.254.157.119
Margi,Searston,msearstonio@elpais.com,Sharable even-keeled task-force,8.92.93.225
Jarib,Strewthers,jstrewthersip@digg.com,Self-enabling 24 hour protocol,114.135.251.110
Duncan,Kitchenham,dkitchenhamiq@arstechnica.com,Programmable reciprocal architecture,29.204.42.88
Antonius,Coventon,acoventonir@si.edu,Sharable non-volatile benchmark,26.35.44.25
Spenser,Reynold,sreynoldis@nifty.com,Distributed encompassing focus group,46.217.59.135
Alfredo,Pinches,apinchesit@dion.ne.jp,Cloned incremental help-desk,79.55.119.74
Lindy,Hainey`,lhaineyiu@instagram.com,Persistent bi-directional conglomeration,205.141.163.177
Fidel,Showers,fshowersiv@examiner.com,Synergized hybrid project,44.69.231.201
Sibel,Senyard,ssenyardiw@cnbc.com,Reactive reciprocal Graphic Interface,246.0.77.15
Chevy,Towsey,ctowseyix@unicef.org,Re-contextualized stable implementation,141.207.136.205
Godfry,Glackin,gglackiniy@dailymail.co.uk,Managed systematic collaboration,87.250.231.245
Gilles,Tenaunt,gtenauntiz@lulu.com,Persistent tangible installation,32.82.9.17
Sumner,Degoix,sdegoixj0@behance.net,Exclusive encompassing core,220.59.51.143
Annora,McCarroll,amccarrollj1@furl.net,Quality-focused secondary moderator,214.115.199.222
Zebulon,Bendan,zbendanj2@last.fm,Streamlined intermediate definition,187.142.164.176
Bat,Wegman,bwegmanj3@bing.com,Multi-lateral homogeneous definition,128.236.146.0
Jens,Stollenhof,jstollenhofj4@unblog.fr,Self-enabling asymmetric artificial intelligence,16.48.57.164
Didi,Rickertsen,drickertsenj5@qq.com,De-engineered national hub,166.166.237.239
Romona,Gozard,rgozardj6@senate.gov,Expanded leading edge system engine,185.219.44.245
Kipp,Pirnie,kpirniej7@sogou.com,Front-line empowering hierarchy,243.59.241.240
Luca,Bendix,lbendixj8@apple.com,Switchable impactful collaboration,147.253.99.43
Mariana,Doppler,mdopplerj9@biblegateway.com,Managed methodical success,228.60.89.213
Dael,Fairall,dfairallja@oracle.com,Realigned fault-tolerant productivity,114.32.175.15
Zachary,Cockayme,zcockaymejb@flickr.com,Virtual actuating focus group,67.153.90.118
Burl,Mayfield,bmayfieldjc@scribd.com,Horizontal systematic framework,73.99.6.202
Emma,Ferrieres,eferrieresjd@scribd.com,Streamlined cohesive flexibility,31.245.13.241
Leonard,Mulrooney,lmulrooneyje@gov.uk,Sharable grid-enabled interface,152.129.18.8
Buffy,Spong,bspongjf@linkedin.com,Inverse logistical Graphical User Interface,179.41.25.140
Cello,Janny,cjannyjg@google.de,Intuitive discrete infrastructure,106.110.208.143
Jodi,Maffei,jmaffeijh@usda.gov,Universal directional Graphic Interface,195.75.192.34
Karilynn,Chyuerton,kchyuertonji@admin.ch,Open-architected bifurcated product,68.29.17.177
Sukey,Sinderland,ssinderlandjj@princeton.edu,Inverse leading edge monitoring,173.189.88.26
Sabine,Beenham,sbeenhamjk@yahoo.com,Upgradable 4th generation hardware,38.72.139.170
Maurie,Wyant,mwyantjl@nsw.gov.au,Open-source hybrid encoding,30.91.184.39
Jackie,McQuillin,jmcquillinjm@shinystat.com,User-friendly modular capacity,242.84.173.205
Luke,Cottisford,lcottisfordjn@gizmodo.com,Optional multimedia algorithm,225.24.189.216
Moshe,Rizzo,mrizzojo@moonfruit.com,Cloned web-enabled model,97.202.173.89
Clerc,Hacksby,chacksbyjp@networkadvertising.org,Face to face discrete neural-net,162.190.238.17
Olivier,Amoss,oamossjq@usa.gov,Profit-focused optimal framework,19.115.127.218
Paule,Nockles,pnocklesjr@google.pl,Profound multimedia array,130.154.249.204
Davin,Gatecliff,dgatecliffjs@twitter.com,Multi-layered incremental middleware,126.20.228.139
Nikolaos,Blondel,nblondeljt@wikimedia.org,Reactive responsive flexibility,237.69.22.171
Katharina,Sexcey,ksexceyju@adobe.com,Reverse-engineered value-added access,65.78.164.139
Brannon,Geldeford,bgeldefordjv@vk.com,Face to face zero defect definition,67.19.120.122
Alf,Micheu,amicheujw@tuttocitta.it,Robust 5th generation framework,133.132.55.30
Traver,Baitey,tbaiteyjx@sfgate.com,Monitored tertiary utilisation,35.212.74.224
Vassili,Maysor,vmaysorjy@smugmug.com,Ergonomic solution-oriented structure,135.96.93.48
Ruprecht,Elnaugh,relnaughjz@bbc.co.uk,Networked global policy,171.212.21.1
Georgette,Biasi,gbiasik0@wired.com,Ergonomic even-keeled contingency,77.211.252.85
Francisco,Baselli,fbasellik1@cloudflare.com,Innovative multi-state data-warehouse,117.130.199.181
Barron,Wehnerr,bwehnerrk2@unesco.org,Object-based bandwidth-monitored monitoring,18.3.155.71
Olia,Crackett,ocrackettk3@buzzfeed.com,Team-oriented logistical core,159.252.172.159
Eyde,Bramich,ebramichk4@prweb.com,Horizontal interactive website,244.37.199.111
Charlie,Lerner,clernerk5@japanpost.jp,Reverse-engineered directional project,186.144.2.195
Julian,Mylan,jmylank6@europa.eu,Grass-roots explicit approach,186.243.161.208
Bonny,Kerfut,bkerfutk7@wordpress.com,Multi-lateral bi-directional focus group,59.50.143.75
Chane,McLaverty,cmclavertyk8@google.co.jp,Fully-configurable multi-tasking software,72.148.41.192
Franky,O'Currine,focurrinek9@t.co,Multi-layered bi-directional forecast,48.192.48.4
Caril,Swapp,cswappka@jiathis.com,Intuitive secondary projection,43.15.119.80
Daven,Paule,dpaulekb@cloudflare.com,Cross-platform radical instruction set,5.217.96.153
Ginnifer,Swedeland,gswedelandkc@techcrunch.com,Visionary discrete paradigm,146.228.32.85
Syman,Haydon,shaydonkd@uol.com.br,Grass-roots motivating website,11.233.119.86
Bryn,Gibbs,bgibbske@cpanel.net,Reverse-engineered 4th generation matrices,39.76.211.234
Haily,Braid,hbraidkf@noaa.gov,Function-based hybrid strategy,124.38.149.197
Blair,Ary,barykg@nymag.com,Monitored multimedia model,101.16.164.243
Gunner,O'Skehan,goskehankh@ameblo.jp,Cross-platform mobile implementation,198.70.29.16
Fernandina,York,fyorkki@ca.gov,Intuitive zero tolerance focus group,28.60.140.36
Dal,Cockren,dcockrenkj@devhub.com,Face to face hybrid leverage,135.210.55.113
Sue,Antonucci,santonuccikk@vistaprint.com,Up-sized intangible software,142.19.189.184
Maegan,Jacqueminet,mjacqueminetkl@google.com,Proactive tangible toolset,93.185.95.110
Fania,Hunt,fhuntkm@washington.edu,Proactive motivating project,21.20.123.68
Jacenta,Sneezum,jsneezumkn@symantec.com,Intuitive uniform access,124.79.107.254
Humfrey,Balasin,hbalasinko@timesonline.co.uk,Innovative system-worthy customer loyalty,109.246.199.212
Adaline,Allam,aallamkp@webnode.com,Fully-configurable actuating portal,42.218.189.7
Margaretha,Gallamore,mgallamorekq@timesonline.co.uk,Fundamental solution-oriented portal,157.104.45.194
Carlie,Simmon,csimmonkr@mail.ru,Front-line multi-tasking access,250.181.51.230
Gerda,Dench,gdenchks@mtv.com,Grass-roots stable instruction set,152.23.5.238
Ingrim,Trundler,itrundlerkt@economist.com,Automated client-server intranet,86.13.153.71
Alphonse,Cheetham,acheethamku@ft.com,Fundamental heuristic success,73.58.126.125
Caryl,Akister,cakisterkv@histats.com,Upgradable attitude-oriented monitoring,237.22.77.198
Coral,Ninnotti,cninnottikw@facebook.com,Front-line real-time ability,214.144.33.82
Malissia,Butt,mbuttkx@cmu.edu,Sharable responsive throughput,93.143.154.45
Arlan,Winchcombe,awinchcombeky@nih.gov,Distributed demand-driven superstructure,2.146.102.187
Felipe,McEntagart,fmcentagartkz@mayoclinic.com,Organized background methodology,141.158.207.43
Odey,Mazin,omazinl0@slideshare.net,Extended next generation local area network,227.49.93.39
Albert,Matteini,amatteinil1@mediafire.com,Multi-lateral maximized encryption,204.22.135.4
Eloisa,Tollit,etollitl2@auda.org.au,Up-sized dynamic circuit,159.170.195.208
Daphene,Suttaby,dsuttabyl3@miibeian.gov.cn,Triple-buffered holistic capacity,8.205.221.18
Cullan,Apfelmann,capfelmannl4@usatoday.com,Extended intangible moratorium,57.203.100.20
Othella,Rohlf,orohlfl5@unicef.org,Cloned analyzing frame,33.31.195.76
Alano,Simmers,asimmersl6@eventbrite.com,Stand-alone 3rd generation implementation,126.245.18.77
Rockie,Coleyshaw,rcoleyshawl7@elegantthemes.com,Synergized methodical analyzer,218.125.143.74
Sonya,Gibbs,sgibbsl8@gnu.org,Inverse multi-tasking workforce,192.131.62.166
Arvin,Suche,asuchel9@fc2.com,Decentralized exuding flexibility,201.107.66.168
Ermanno,Micka,emickala@free.fr,Robust upward-trending function,118.32.87.184
Kimberlee,Royle,kroylelb@time.com,Automated next generation methodology,163.2.187.170
Gerti,Codrington,gcodringtonlc@usda.gov,Persevering executive archive,141.100.98.172
Gates,Dovidaitis,gdovidaitisld@simplemachines.org,Extended transitional utilisation,133.35.63.93
Misha,Screwton,mscrewtonle@usatoday.com,Diverse user-facing archive,126.1.12.254
Hannis,Phizakarley,hphizakarleylf@shutterfly.com,Focused zero tolerance knowledge base,183.70.220.90
Bernardo,Fountain,bfountainlg@purevolume.com,Re-contextualized regional help-desk,124.221.244.209
Reynard,Canton,rcantonlh@t-online.de,Horizontal fresh-thinking hub,32.245.209.173
Ellynn,Kennedy,ekennedyli@hatena.ne.jp,Re-engineered intangible collaboration,14.98.188.151
Worden,Hodgin,whodginlj@blinklist.com,Assimilated methodical strategy,189.0.82.219
Nancie,McSperrin,nmcsperrinlk@ucla.edu,Public-key methodical functionalities,224.89.182.227
Serene,Fivey,sfiveyll@t-online.de,Reactive modular policy,137.203.22.11
Fabio,Thurske,fthurskelm@cnn.com,Virtual explicit projection,168.190.235.92
Gabriell,Syrie,gsyrieln@ucoz.ru,Integrated contextually-based methodology,79.1.235.254
Elvina,Zavattieri,ezavattierilo@opensource.org,Secured explicit encryption,44.114.213.18
Helaine,Iwaszkiewicz,hiwaszkiewiczlp@blogspot.com,Multi-channelled interactive middleware,239.148.133.218
Caspar,Virgin,cvirginlq@quantcast.com,Public-key holistic paradigm,154.7.205.101
Constantine,Bilovsky,cbilovskylr@go.com,Future-proofed disintermediate frame,245.194.255.59
Susette,Hessle,shesslels@lycos.com,Advanced solution-oriented concept,70.246.53.170
Gerick,Isakov,gisakovlt@ameblo.jp,Universal uniform budgetary management,128.83.50.87
Farrand,Louedey,flouedeylu@360.cn,Extended dedicated application,84.66.142.82
Bone,McMoyer,bmcmoyerlv@mashable.com,Innovative bi-directional leverage,100.208.71.206
Andromache,Theodoris,atheodorislw@gov.uk,Enterprise-wide 3rd generation success,151.63.43.169
Byrom,Peschmann,bpeschmannlx@economist.com,Reverse-engineered real-time hub,33.175.169.84
Jeni,Guillond,jguillondly@list-manage.com,Multi-channelled multi-tasking orchestration,77.241.164.103
Daryn,Colquit,dcolquitlz@icio.us,Secured coherent emulation,30.218.226.136
Eunice,Ganing,eganingm0@mozilla.com,Synergized optimizing groupware,173.169.197.110
Kimmy,Fernandes,kfernandesm1@uol.com.br,Proactive actuating hardware,59.132.191.30
Lazarus,Klaaassen,lklaaassenm2@npr.org,Sharable zero defect architecture,156.50.13.90
Jaimie,Ervin,jervinm3@etsy.com,Adaptive optimal groupware,231.178.138.33
Rollie,Aimson,raimsonm4@forbes.com,Networked empowering neural-net,34.100.88.89
Kendra,Haythornthwaite,khaythornthwaitem5@google.com.hk,Implemented non-volatile local area network,6.39.137.80
Michelle,De Giorgi,mdegiorgim6@salon.com,Multi-tiered cohesive superstructure,83.192.45.13
Emlynne,Willman,ewillmanm7@163.com,Public-key needs-based orchestration,225.158.64.239
Benn,Klas,bklasm8@abc.net.au,Intuitive 24 hour concept,208.58.69.180
Marrissa,Edgin,medginm9@mlb.com,Adaptive zero administration complexity,251.226.184.11
Gayle,Doonican,gdoonicanma@taobao.com,Reduced real-time database,172.225.172.203
Collette,McIver,cmcivermb@comsenz.com,Streamlined client-server policy,125.74.159.76
Delcine,Montford,dmontfordmc@accuweather.com,Networked background internet solution,134.94.80.46
Amata,Shorton,ashortonmd@devhub.com,Operative systematic utilisation,31.150.29.46
Teodora,Whiffen,twhiffenme@dmoz.org,Synergistic non-volatile implementation,104.139.68.144
Missy,Order,mordermf@ihg.com,Public-key exuding hierarchy,152.251.113.91
Eleonora,Lewty,elewtymg@ucoz.ru,Polarised 5th generation emulation,118.79.28.25
Carin,Bearfoot,cbearfootmh@ovh.net,Business-focused empowering collaboration,194.70.80.163
Ibby,Ary,iarymi@businessinsider.com,Realigned context-sensitive support,215.78.105.249
Skyler,Aveson,savesonmj@about.me,Exclusive optimal product,83.113.120.19
Ag,Chattaway,achattawaymk@about.me,User-centric didactic collaboration,240.214.31.73
Howard,Queen,hqueenml@rediff.com,Sharable systemic knowledge base,176.195.217.182
Viki,Flye,vflyemm@oracle.com,Future-proofed 4th generation hub,45.82.27.176
Winthrop,Harmar,wharmarmn@patch.com,Horizontal executive migration,255.82.98.78
Adolphus,Bernardino,abernardinomo@examiner.com,Self-enabling clear-thinking focus group,73.117.64.1
Alanna,Britto,abrittomp@microsoft.com,Synchronised demand-driven initiative,110.174.149.73
Valentin,Valentino,vvalentinomq@tinypic.com,Function-based optimal algorithm,195.67.34.1
Bernardo,Eardley,beardleymr@comsenz.com,Operative scalable productivity,28.139.99.82
Brant,Ganford,bganfordms@slashdot.org,Open-source non-volatile internet solution,21.144.10.247
Romonda,Wadeson,rwadesonmt@whitehouse.gov,Object-based transitional approach,96.225.7.178
Lorrie,Hughlock,lhughlockmu@vinaora.com,Balanced neutral pricing structure,155.58.97.245
Thurston,Howford,thowfordmv@globo.com,Business-focused local portal,85.62.10.33
Idalia,Ellerby,iellerbymw@artisteer.com,Organized exuding database,135.240.100.196
Pennie,Tefft,ptefftmx@wordpress.com,Fundamental foreground open system,225.92.215.56
Sheridan,Gabbatt,sgabbattmy@washingtonpost.com,Secured user-facing artificial intelligence,223.59.111.1
Austina,Fenne,afennemz@gmpg.org,Team-oriented dedicated leverage,148.19.35.94
Dannye,Capinetti,dcapinettin0@4shared.com,Implemented optimizing budgetary management,60.162.204.70
Anni,Martellini,amartellinin1@sfgate.com,Multi-tiered transitional productivity,73.235.54.101
Carlin,Cool,ccooln2@meetup.com,Cross-platform homogeneous Graphic Interface,43.219.244.254
Joellyn,Pillinger,jpillingern3@clickbank.net,Operative contextually-based infrastructure,53.228.204.12
Patti,Cromer,pcromern4@jugem.jp,User-centric logistical synergy,23.244.122.69
Shirlene,Yeoman,syeomann5@mysql.com,Multi-channelled holistic functionalities,142.24.40.22
Marcella,Eslinger,meslingern6@nhs.uk,Triple-buffered object-oriented standardization,45.138.157.205
Reena,Idiens,ridiensn7@pcworld.com,Multi-tiered tertiary collaboration,233.183.16.216
Pennie,Chree,pchreen8@hubpages.com,Persistent mission-critical policy,238.184.146.212
Cissiee,Mordie,cmordien9@g.co,Seamless needs-based open architecture,105.185.135.44
Candida,Petracek,cpetracekna@opera.com,Phased executive productivity,29.0.240.53
Iosep,Ibberson,iibbersonnb@exblog.jp,Compatible bandwidth-monitored emulation,115.197.67.61
Josias,Tynemouth,jtynemouthnc@geocities.com,Advanced impactful synergy,177.32.188.11
Chico,Murrhaupt,cmurrhauptnd@thetimes.co.uk,Realigned needs-based portal,62.127.8.137
Jameson,Yeo,jyeone@spiegel.de,Integrated value-added neural-net,70.94.10.147
Lonnie,Toppin,ltoppinnf@friendfeed.com,Exclusive client-driven structure,239.238.218.206
Bertrand,Goodacre,bgoodacreng@berkeley.edu,Synergized tertiary internet solution,14.134.223.235
Pryce,Bickerton,pbickertonnh@google.com.br,Configurable actuating paradigm,218.134.42.7
Dewitt,Filgate,dfilgateni@about.com,Seamless needs-based architecture,104.250.161.144
Talia,Wickman,twickmannj@toplist.cz,Synergized even-keeled frame,69.111.76.41
Kennett,Wormell,kwormellnk@wordpress.com,Triple-buffered value-added internet solution,185.207.218.2
Jock,Daggett,jdaggettnl@yale.edu,Digitized web-enabled attitude,84.62.132.196
Fawnia,Rowsell,frowsellnm@adobe.com,Future-proofed bifurcated challenge,210.145.60.174
Leora,Yannikov,lyannikovnn@theatlantic.com,Progressive 24/7 methodology,29.58.57.136
Irita,Creasy,icreasyno@nytimes.com,Adaptive modular adapter,39.18.94.123
Gwenni,Maplethorpe,gmaplethorpenp@icq.com,Organic bandwidth-monitored superstructure,153.110.137.143
Twyla,Stickins,tstickinsnq@yolasite.com,Profit-focused needs-based functionalities,248.185.198.11
Zelma,Pasque,zpasquenr@friendfeed.com,Organic zero defect model,119.242.8.180
Reeta,Hicklingbottom,rhicklingbottomns@latimes.com,Devolved mobile collaboration,234.217.125.163
Liam,Ickeringill,lickeringillnt@toplist.cz,Expanded tertiary methodology,130.34.46.39
Steffie,Deftie,sdeftienu@sbwire.com,Horizontal zero tolerance budgetary management,201.104.124.216
Janek,Bryenton,jbryentonnv@netscape.com,Multi-channelled dynamic adapter,245.149.14.215
Ulric,Sprigg,uspriggnw@prlog.org,Balanced web-enabled throughput,203.225.164.249
Elmer,Ridder,eriddernx@nifty.com,Persistent actuating service-desk,28.166.39.18
Myrwyn,Oven,movenny@technorati.com,Assimilated grid-enabled customer loyalty,61.23.158.115
Gram,Pybworth,gpybworthnz@ca.gov,Phased incremental pricing structure,232.182.208.85
Lynelle,Liversley,lliversleyo0@histats.com,Inverse impactful matrix,198.119.196.188
Etheline,Janak,ejanako1@joomla.org,Extended zero defect policy,74.62.104.191
Binnie,Bulpitt,bbulpitto2@ed.gov,Public-key non-volatile success,24.35.253.21
Filide,Goter,fgotero3@wikimedia.org,Upgradable disintermediate productivity,23.17.102.111
Chad,Gillions,cgillionso4@gravatar.com,Operative value-added definition,145.3.191.38
Shep,Pennington,spenningtono5@wisc.edu,Secured human-resource data-warehouse,19.197.138.60
Cassandry,Seath,cseatho6@meetup.com,Balanced optimal moderator,150.159.62.170
Chester,Warrender,cwarrendero7@illinois.edu,Sharable fresh-thinking protocol,68.167.65.152
Warde,Hurry,whurryo8@wisc.edu,Robust bifurcated ability,114.46.147.122
Lek,Cranch,lcrancho9@virginia.edu,Cross-platform clear-thinking info-mediaries,207.38.180.111
Horatia,Bonallack,hbonallackoa@wikipedia.org,Assimilated interactive algorithm,68.84.65.81
Carree,Dreier,cdreierob@theglobeandmail.com,Networked neutral archive,121.164.74.92
Freda,Sutton,fsuttonoc@senate.gov,Cross-platform eco-centric infrastructure,186.180.208.88
Frederick,Andrioni,fandrioniod@aol.com,Front-line uniform artificial intelligence,192.49.208.225
Catherina,Oldroyde,coldroydeoe@fc2.com,Compatible composite infrastructure,152.137.208.251
Paddy,Dammarell,pdammarellof@lulu.com,Multi-channelled multi-state concept,246.162.8.188
Nani,Ingledew,ningledewog@rediff.com,Face to face holistic Graphic Interface,144.40.97.101
Waylen,Bisley,wbisleyoh@symantec.com,Distributed scalable workforce,48.152.151.32
Gaston,Spon,gsponoi@spotify.com,Exclusive neutral hub,29.125.147.203
Tobit,Lagadu,tlagaduoj@usgs.gov,Multi-channelled client-driven parallelism,83.193.250.195
Agnella,Snadden,asnaddenok@cnbc.com,Self-enabling non-volatile methodology,247.47.242.0
Deidre,Caron,dcaronol@intel.com,Enhanced zero tolerance forecast,72.209.109.244
Daniela,Ansett,dansettom@posterous.com,Multi-lateral dedicated protocol,155.101.186.181
Sonnie,Esche,sescheon@mashable.com,Function-based 5th generation productivity,145.25.176.81
Ingar,Trimming,itrimmingoo@amazon.co.uk,Upgradable methodical internet solution,136.229.158.231
Wye,Stoade,wstoadeop@dailymotion.com,Reactive radical approach,182.137.166.156
Gail,Sorton,gsortonoq@wisc.edu,Vision-oriented logistical Graphic Interface,53.141.218.240
Glenine,Conisbee,gconisbeeor@istockphoto.com,Fully-configurable optimizing solution,6.70.87.182
Benny,O'Calleran,bocalleranos@jalbum.net,Future-proofed intangible extranet,21.14.33.230
Dianne,Gyppes,dgyppesot@lulu.com,Seamless demand-driven help-desk,15.212.72.81
Brittaney,Ambler,bamblerou@symantec.com,Organic optimal protocol,244.19.153.73
Hogan,Gayle,hgayleov@mozilla.com,Organic modular frame,188.167.37.228
Coretta,Ingliss,cinglissow@bloglines.com,Optional responsive policy,250.76.51.112
Margi,Putten,mputtenox@goodreads.com,Upgradable client-server productivity,206.249.214.189
Viki,Attwater,vattwateroy@issuu.com,De-engineered bottom-line concept,199.166.37.112
Anallese,Tackett,atackettoz@webmd.com,Open-architected systematic paradigm,180.31.204.105
Kennie,Matteau,kmatteaup0@constantcontact.com,Diverse full-range solution,0.107.255.169
Harlan,Hildrew,hhildrewp1@printfriendly.com,Reverse-engineered content-based customer loyalty,118.136.250.40
Ahmed,Kosel,akoselp2@tuttocitta.it,Reactive asynchronous budgetary management,156.170.242.113
Raychel,Burhill,rburhillp3@chicagotribune.com,Customizable grid-enabled interface,51.36.9.164
Richart,D'Souza,rdsouzap4@sciencedaily.com,Function-based systemic hub,253.38.156.196
Con,Gibbings,cgibbingsp5@parallels.com,Reactive multi-state toolset,187.12.96.160
Sal,Rantoul,srantoulp6@nbcnews.com,Implemented optimal throughput,134.68.208.160
Tandy,Montfort,tmontfortp7@domainmarket.com,Reactive next generation adapter,4.140.236.199
Madelin,D'Elia,mdeliap8@reuters.com,Realigned bandwidth-monitored circuit,148.55.76.191
Bernita,Melling,bmellingp9@timesonline.co.uk,Integrated 3rd generation neural-net,207.196.251.14
Arielle,Bunning,abunningpa@gizmodo.com,Integrated 24 hour intranet,95.243.42.152
Gretna,MacCoughan,gmaccoughanpb@ask.com,Visionary motivating process improvement,53.159.127.187
Lucille,Ledur,lledurpc@ibm.com,Profit-focused methodical infrastructure,212.177.199.168
Lynnea,Beach,lbeachpd@dion.ne.jp,Fully-configurable background encoding,51.231.162.38
Mora,O'Malley,momalleype@indiatimes.com,Profit-focused didactic initiative,3.239.112.239
Leonora,Scothern,lscothernpf@squarespace.com,Cloned global concept,175.52.74.138
Maurizia,Essex,messexpg@sbwire.com,Integrated needs-based projection,95.150.10.118
Julieta,Duchenne,jduchenneph@seattletimes.com,Stand-alone responsive website,102.48.224.43
Erena,O'Duggan,eodugganpi@macromedia.com,User-centric value-added core,78.36.199.58
Teirtza,Capelen,tcapelenpj@slashdot.org,Vision-oriented needs-based secured line,132.63.72.21
Janina,Leveret,jleveretpk@ucla.edu,Quality-focused system-worthy project,75.113.183.38
Karlie,Wingeatt,kwingeattpl@pinterest.com,User-friendly eco-centric website,47.243.242.173
Padraic,Crehan,pcrehanpm@hostgator.com,Assimilated maximized capacity,238.62.247.125
Janeen,Stracey,jstraceypn@soup.io,Pre-emptive grid-enabled projection,162.137.82.162
Kristan,Bodemeaid,kbodemeaidpo@simplemachines.org,Multi-lateral asynchronous initiative,155.88.7.198
Hy,Pocknell,hpocknellpp@i2i.jp,Pre-emptive maximized budgetary management,96.19.133.46
Roz,De Mitri,rdemitripq@purevolume.com,User-centric actuating data-warehouse,185.196.88.128
Willdon,Kneesha,wkneeshapr@discuz.net,Monitored explicit circuit,130.115.120.75
Mohammed,Trimby,mtrimbyps@twitpic.com,Adaptive impactful workforce,54.64.37.3
Ronny,Whorall,rwhorallpt@pen.io,Balanced intangible framework,165.138.80.117
Derek,Kunzel,dkunzelpu@apple.com,Focused next generation intranet,219.49.37.146
Charlton,Corbie,ccorbiepv@apache.org,Customizable global capacity,124.217.67.167
Nikoletta,Ferrelli,nferrellipw@t.co,Digitized tangible product,175.64.233.48
Kit,Fretter,kfretterpx@canalblog.com,Cross-group neutral toolset,243.155.63.150
Yves,Duran,yduranpy@amazon.co.jp,Universal clear-thinking success,14.141.2.136
Elfrieda,Seer,eseerpz@wisc.edu,Visionary 24/7 portal,185.134.20.137
Papageno,Baudone,pbaudoneq0@tripod.com,Function-based heuristic collaboration,147.178.241.87
Kellby,Skellion,kskellionq1@mit.edu,Organized local benchmark,113.159.56.176
Ambros,Perch,aperchq2@imgur.com,Extended homogeneous migration,156.38.75.250
Danny,Dunford,ddunfordq3@about.me,Adaptive asynchronous attitude,184.165.1.184
Christin,Welfare,cwelfareq4@exblog.jp,Self-enabling bandwidth-monitored time-frame,109.177.10.243
Lisbeth,Folker,lfolkerq5@mysql.com,Digitized static open system,153.67.145.89
Sharleen,Kilbourn,skilbournq6@kickstarter.com,Reverse-engineered 24/7 utilisation,233.185.181.220
Eugenia,Kristufek,ekristufekq7@discovery.com,Expanded heuristic budgetary management,123.184.114.191
Clemmie,Dy,cdyq8@yahoo.co.jp,Face to face local leverage,237.219.37.40
Yasmeen,Tute,ytuteq9@google.co.jp,Enhanced dynamic benchmark,240.222.192.61
Vergil,Riggey,vriggeyqa@gnu.org,Fully-configurable system-worthy approach,188.121.25.190
Klaus,Canty,kcantyqb@360.cn,Exclusive reciprocal archive,105.75.238.108
Antons,Carne,acarneqc@bandcamp.com,Quality-focused asymmetric hardware,26.202.205.47
Geno,Simecek,gsimecekqd@addthis.com,Open-source modular contingency,232.34.183.187
Selestina,Harget,shargetqe@livejournal.com,Triple-buffered systemic groupware,132.233.122.156
Bartlett,Skae,bskaeqf@soundcloud.com,Customer-focused holistic parallelism,22.221.69.177
Bink,Kennealy,bkennealyqg@infoseek.co.jp,Organic leading edge local area network,53.23.62.151
Martguerita,Dumbelton,mdumbeltonqh@cocolog-nifty.com,Streamlined 4th generation application,161.165.98.94
Agosto,Crann,acrannqi@cbsnews.com,Multi-channelled analyzing hub,135.120.149.69
Cindi,Doley,cdoleyqj@usatoday.com,Business-focused 4th generation functionalities,64.145.35.182
Carroll,Tumelty,ctumeltyqk@skype.com,Synergistic 5th generation definition,147.7.203.35
Roze,Rollingson,rrollingsonql@nationalgeographic.com,Compatible zero tolerance productivity,197.236.172.255
Leland,Tremolieres,ltremolieresqm@abc.net.au,Proactive holistic Graphical User Interface,232.26.187.182
Mordecai,Pendred,mpendredqn@yale.edu,Diverse asymmetric knowledge base,64.186.201.38
Dani,Sparry,dsparryqo@ihg.com,Quality-focused well-modulated hierarchy,63.204.201.241
Jess,Crisell,jcrisellqp@aboutads.info,Networked client-driven benchmark,179.234.126.154
Milo,Imison,mimisonqq@google.com.au,Re-engineered executive toolset,51.177.148.206
Trudie,Sitch,tsitchqr@woothemes.com,Multi-channelled fault-tolerant throughput,33.175.224.200
Salome,De Clairmont,sdeclairmontqs@dmoz.org,Automated demand-driven artificial intelligence,109.120.31.117
Holly-anne,Markos,hmarkosqt@un.org,Synergistic reciprocal challenge,93.156.5.177
Theodoric,Gawler,tgawlerqu@comsenz.com,Universal 6th generation alliance,220.18.139.190
Clemmie,Jadczak,cjadczakqv@arizona.edu,Integrated hybrid synergy,83.184.235.150
Warden,Regglar,wregglarqw@drupal.org,Pre-emptive 3rd generation collaboration,75.105.198.74
Tabby,Ivanets,tivanetsqx@cdc.gov,Innovative multi-tasking success,210.248.19.150
Ryley,Sneezem,rsneezemqy@nps.gov,Switchable didactic parallelism,172.39.61.158
Pauletta,Budgeon,pbudgeonqz@exblog.jp,Multi-channelled grid-enabled local area network,229.102.35.131
Gavra,Andrioni,gandrionir0@squarespace.com,Face to face solution-oriented open system,3.143.198.4
Giulio,Maxworthy,gmaxworthyr1@technorati.com,Extended uniform function,229.121.13.28
Gal,D'Avaux,gdavauxr2@umn.edu,Quality-focused grid-enabled process improvement,81.237.59.47
Julienne,Turbefield,jturbefieldr3@buzzfeed.com,Seamless directional process improvement,235.33.248.54
Wolf,Spawton,wspawtonr4@linkedin.com,Vision-oriented eco-centric capability,227.76.102.36
Bobina,Choffin,bchoffinr5@sohu.com,Focused bi-directional capability,118.146.27.141
Winne,Coveney,wcoveneyr6@reddit.com,Ergonomic context-sensitive artificial intelligence,4.198.29.75
Udell,Probets,uprobetsr7@alexa.com,Profound secondary architecture,73.244.196.102
Garold,Jessel,gjesselr8@e-recht24.de,Organic methodical protocol,213.111.42.142
Morty,Scudders,mscuddersr9@walmart.com,Visionary user-facing strategy,115.111.186.213
Meade,Adger,madgerra@posterous.com,Advanced static info-mediaries,229.181.227.81
Guillema,Breukelman,gbreukelmanrb@networkadvertising.org,Centralized attitude-oriented application,119.99.189.105
Ceciley,Maberley,cmaberleyrc@facebook.com,Quality-focused asynchronous capability,169.205.150.52
Romonda,Redan,rredanrd@marketwatch.com,Team-oriented incremental benchmark,101.55.159.147
Gizela,Chard,gchardre@cyberchimps.com,Ameliorated multi-tasking Graphic Interface,29.1.13.4
Aguistin,De Santos,adesantosrf@nydailynews.com,Switchable human-resource frame,62.177.236.214
Isabel,Hankinson,ihankinsonrg@go.com,Total uniform hierarchy,79.64.72.240
Nita,Astles,nastlesrh@eventbrite.com,Virtual interactive concept,170.214.19.235
Philomena,Bodsworth,pbodsworthri@wordpress.org,Quality-focused dedicated model,10.243.46.71
Eleanore,Christofol,echristofolrj@de.vu,Managed tertiary definition,77.166.72.232
Mattheus,Beggi,mbeggirk@slashdot.org,De-engineered client-server open architecture,1.70.253.120
Reeba,Tansley,rtansleyrl@vinaora.com,Customizable 24 hour customer loyalty,137.245.81.211
Larry,Edinborough,ledinboroughrm@a8.net,Up-sized uniform collaboration,79.65.185.218
Eadith,Sellors,esellorsrn@unblog.fr,Right-sized dynamic capability,183.217.158.206
Ode,Biddell,obiddellro@oakley.com,Synergized uniform internet solution,149.254.21.199
Corbie,Rockcliffe,crockclifferp@sourceforge.net,Profit-focused 5th generation model,27.69.46.208
Cathlene,Wille,cwillerq@flavors.me,Focused empowering orchestration,193.137.181.150
Gasparo,Erskine Sandys,gerskinesandysrr@tuttocitta.it,Stand-alone solution-oriented concept,65.41.105.174
